/*
SQLyog Ultimate v12.5.1 (64 bit)
MySQL - 10.4.19-MariaDB : Database - cafe
*********************************************************************
*/

/*!40101 SET NAMES utf8 */;

/*!40101 SET SQL_MODE=''*/;

/*!40014 SET @OLD_UNIQUE_CHECKS=@@UNIQUE_CHECKS, UNIQUE_CHECKS=0 */;
/*!40014 SET @OLD_FOREIGN_KEY_CHECKS=@@FOREIGN_KEY_CHECKS, FOREIGN_KEY_CHECKS=0 */;
/*!40101 SET @OLD_SQL_MODE=@@SQL_MODE, SQL_MODE='NO_AUTO_VALUE_ON_ZERO' */;
/*!40111 SET @OLD_SQL_NOTES=@@SQL_NOTES, SQL_NOTES=0 */;
CREATE DATABASE /*!32312 IF NOT EXISTS*/`cafe` /*!40100 DEFAULT CHARACTER SET utf8mb4 */;

USE `cafe`;

/*Table structure for table `admin` */

DROP TABLE IF EXISTS `admin`;

CREATE TABLE `admin` (
  `id_admin` int(11) NOT NULL AUTO_INCREMENT,
  `nama` varchar(225) DEFAULT NULL,
  `username` varchar(225) DEFAULT NULL,
  `password` varchar(225) DEFAULT NULL,
  PRIMARY KEY (`id_admin`)
) ENGINE=InnoDB AUTO_INCREMENT=5 DEFAULT CHARSET=utf8mb4;

/*Data for the table `admin` */

insert  into `admin`(`id_admin`,`nama`,`username`,`password`) values 
(4,'Admin','21232f297a57a5a743894a0e4a801fc3','21232f297a57a5a743894a0e4a801fc3');

/*Table structure for table `akses` */

DROP TABLE IF EXISTS `akses`;

CREATE TABLE `akses` (
  `id_akses` int(11) NOT NULL AUTO_INCREMENT,
  `akses` varchar(20) DEFAULT NULL,
  PRIMARY KEY (`id_akses`)
) ENGINE=InnoDB AUTO_INCREMENT=3 DEFAULT CHARSET=utf8mb4;

/*Data for the table `akses` */

insert  into `akses`(`id_akses`,`akses`) values 
(1,'kasir'),
(2,'admin');

/*Table structure for table `akses_user` */

DROP TABLE IF EXISTS `akses_user`;

CREATE TABLE `akses_user` (
  `id_user` int(11) DEFAULT NULL,
  `id_akses` int(11) DEFAULT NULL,
  KEY `id_user(akses_user)` (`id_user`),
  KEY `id_akses(akses_user)` (`id_akses`),
  CONSTRAINT `id_akses(akses_user)` FOREIGN KEY (`id_akses`) REFERENCES `akses` (`id_akses`),
  CONSTRAINT `id_user(akses_user)` FOREIGN KEY (`id_user`) REFERENCES `user` (`id_user`)
) ENGINE=InnoDB DEFAULT CHARSET=utf8mb4;

/*Data for the table `akses_user` */

insert  into `akses_user`(`id_user`,`id_akses`) values 
(2,2),
(3,1);

/*Table structure for table `bahan` */

DROP TABLE IF EXISTS `bahan`;

CREATE TABLE `bahan` (
  `id_bahan` int(11) NOT NULL AUTO_INCREMENT,
  `nama_bahan` varchar(50) DEFAULT NULL,
  `satuan` int(11) DEFAULT NULL,
  `kode_bahan` varchar(225) DEFAULT NULL,
  PRIMARY KEY (`id_bahan`)
) ENGINE=InnoDB AUTO_INCREMENT=40 DEFAULT CHARSET=utf8mb4;

/*Data for the table `bahan` */

insert  into `bahan`(`id_bahan`,`nama_bahan`,`satuan`,`kode_bahan`) values 
(25,'Kopi',NULL,'BHN/001'),
(26,'Susu Kental',NULL,'BHN/002'),
(27,'Susu Cair',NULL,'BHN/003'),
(28,'Butterscotch',NULL,'BHN/004'),
(29,'Vanila',NULL,'BHN/005'),
(30,'Sirup hazelnut',NULL,'BHN/006'),
(31,'Gula Pasir',NULL,'BHN/007'),
(32,'Sirup pisang',NULL,'BHN/008'),
(33,'Kayu manis',NULL,'BHN/009'),
(34,'Gula aren',NULL,'BHN/010'),
(35,'Sirup Rum',NULL,'BHN/011'),
(36,'Biskuit',NULL,'BHN/012'),
(37,'Coklat',NULL,'BHN/013'),
(38,'Yogurt',NULL,'BHN/014'),
(39,'Sirup strawberry',NULL,'BHN/015');

/*Table structure for table `menu` */

DROP TABLE IF EXISTS `menu`;

CREATE TABLE `menu` (
  `id_menu` int(11) NOT NULL AUTO_INCREMENT,
  `kode_menu` varchar(50) DEFAULT NULL,
  `nama` varchar(50) DEFAULT NULL,
  PRIMARY KEY (`id_menu`)
) ENGINE=InnoDB AUTO_INCREMENT=37 DEFAULT CHARSET=utf8mb4;

/*Data for the table `menu` */

insert  into `menu`(`id_menu`,`kode_menu`,`nama`) values 
(23,'MNU/001','Espresso'),
(24,'MNU/002','Americano'),
(25,'MNU/003','Vietnam Drip'),
(26,'MNU/004','Cappucino'),
(27,'MNU/005','v60'),
(28,'MNU/006','Butterscot'),
(29,'MNU/007','Hazelnut Latte'),
(30,'MNU/008','Kopi Gedang Ambon'),
(31,'MNU/009','Kopi Gula Aren'),
(32,'MNU/010','Susu Rum Regal'),
(33,'MNU/011','Choco Banana'),
(34,'MNU/012','Dark Choco'),
(35,'MNU/013','Choco Regal'),
(36,'MNU/014','Susu Kanan');

/*Table structure for table `menu_nota` */

DROP TABLE IF EXISTS `menu_nota`;

CREATE TABLE `menu_nota` (
  `id_menu` int(11) DEFAULT NULL,
  `id_nota` int(11) DEFAULT NULL,
  `id_karyawan` int(11) DEFAULT NULL,
  `jumlah` int(11) DEFAULT NULL,
  KEY `id_menu_nota` (`id_menu`),
  KEY `id_nota_menu` (`id_nota`),
  CONSTRAINT `id_menu_nota` FOREIGN KEY (`id_menu`) REFERENCES `menu` (`id_menu`),
  CONSTRAINT `id_nota_menu` FOREIGN KEY (`id_nota`) REFERENCES `nota` (`id_nota`)
) ENGINE=InnoDB DEFAULT CHARSET=utf8mb4;

/*Data for the table `menu_nota` */

insert  into `menu_nota`(`id_menu`,`id_nota`,`id_karyawan`,`jumlah`) values 
(24,25,NULL,1),
(31,25,NULL,1),
(32,25,NULL,1),
(32,25,NULL,1),
(33,25,NULL,1),
(33,25,NULL,1),
(33,25,NULL,1),
(26,26,NULL,1),
(26,26,NULL,1),
(26,26,NULL,1),
(28,26,NULL,1),
(31,26,NULL,1),
(31,26,NULL,1),
(32,26,NULL,1),
(32,26,NULL,1),
(34,26,NULL,1),
(24,27,NULL,1),
(24,27,NULL,1),
(26,27,NULL,1),
(28,27,NULL,1),
(28,27,NULL,1),
(29,27,NULL,1),
(32,27,NULL,1),
(32,27,NULL,1),
(33,27,NULL,1),
(34,27,NULL,1),
(34,27,NULL,1),
(23,28,NULL,1),
(24,28,NULL,1),
(24,28,NULL,1),
(24,28,NULL,1),
(24,28,NULL,1),
(24,28,NULL,1),
(24,28,NULL,1),
(24,28,NULL,1),
(24,28,NULL,1),
(26,28,NULL,1),
(27,28,NULL,1),
(28,28,NULL,1),
(28,28,NULL,1),
(28,28,NULL,1),
(28,28,NULL,1),
(28,28,NULL,1),
(29,28,NULL,1),
(31,28,NULL,1),
(31,28,NULL,1),
(31,28,NULL,1),
(31,28,NULL,1),
(32,28,NULL,1),
(32,28,NULL,1),
(32,28,NULL,1),
(32,28,NULL,1),
(32,28,NULL,1),
(32,28,NULL,1),
(32,28,NULL,1),
(33,29,NULL,1),
(33,29,NULL,1),
(33,29,NULL,1),
(33,29,NULL,1),
(34,29,NULL,1),
(34,29,NULL,1),
(34,29,NULL,1),
(35,29,NULL,1),
(35,29,NULL,1),
(35,29,NULL,1),
(35,29,NULL,1),
(35,29,NULL,1),
(35,29,NULL,1),
(35,29,NULL,1),
(35,29,NULL,1),
(35,29,NULL,1),
(35,29,NULL,1),
(35,29,NULL,1),
(35,29,NULL,1),
(35,29,NULL,1),
(35,29,NULL,1),
(24,30,NULL,1),
(31,30,NULL,1),
(31,30,NULL,1),
(32,30,NULL,1),
(32,30,NULL,1),
(34,30,NULL,1),
(24,31,NULL,1),
(24,31,NULL,1),
(24,31,NULL,1),
(28,31,NULL,1),
(29,31,NULL,1),
(34,31,NULL,1),
(27,32,NULL,1),
(28,32,NULL,1),
(30,32,NULL,1),
(31,32,NULL,1),
(31,32,NULL,1),
(32,32,NULL,1),
(32,32,NULL,1),
(33,32,NULL,1),
(32,32,NULL,1),
(25,33,NULL,1),
(29,33,NULL,1),
(29,33,NULL,1),
(29,33,NULL,1),
(30,33,NULL,1),
(31,33,NULL,1),
(31,33,NULL,1),
(26,34,NULL,1),
(26,34,NULL,1),
(26,34,NULL,1),
(28,34,NULL,1),
(31,34,NULL,1),
(31,34,NULL,1),
(34,34,NULL,1),
(36,34,NULL,1),
(36,34,NULL,1),
(36,34,NULL,1),
(25,35,NULL,1),
(25,35,NULL,1),
(25,35,NULL,1),
(25,35,NULL,1),
(25,35,NULL,1),
(25,35,NULL,1),
(25,35,NULL,1),
(25,35,NULL,1),
(25,35,NULL,1),
(25,35,NULL,1),
(27,36,NULL,1),
(28,36,NULL,1),
(31,36,NULL,1),
(31,36,NULL,1),
(31,36,NULL,1),
(31,36,NULL,1),
(31,36,NULL,1),
(36,37,NULL,1),
(36,37,NULL,1),
(36,37,NULL,1),
(36,37,NULL,1),
(36,37,NULL,1),
(36,37,NULL,1),
(36,37,NULL,1),
(36,37,NULL,1),
(36,37,NULL,1),
(36,37,NULL,1),
(25,38,NULL,1),
(26,38,NULL,1),
(26,38,NULL,1),
(36,38,NULL,1),
(25,39,NULL,1),
(28,39,NULL,1),
(28,39,NULL,1),
(31,39,NULL,1),
(32,39,NULL,1),
(34,39,NULL,1),
(34,39,NULL,1),
(34,39,NULL,1),
(34,39,NULL,1),
(35,39,NULL,1),
(35,39,NULL,1),
(25,40,NULL,1),
(26,40,NULL,1),
(26,40,NULL,1),
(26,40,NULL,1),
(34,40,NULL,1),
(36,40,NULL,1),
(36,40,NULL,1),
(36,40,NULL,1),
(24,41,NULL,1),
(24,41,NULL,1),
(25,41,NULL,1),
(26,41,NULL,1),
(27,41,NULL,1),
(28,41,NULL,1),
(28,41,NULL,1),
(28,41,NULL,1),
(28,41,NULL,1),
(29,41,NULL,1),
(30,41,NULL,1),
(31,41,NULL,1),
(31,41,NULL,1),
(31,41,NULL,1),
(32,41,NULL,1),
(32,41,NULL,1),
(33,41,NULL,1),
(34,41,NULL,1),
(34,41,NULL,1),
(34,41,NULL,1),
(35,41,NULL,1),
(36,41,NULL,1),
(36,41,NULL,1),
(36,41,NULL,1),
(36,41,NULL,1),
(36,41,NULL,1),
(36,41,NULL,1),
(36,41,NULL,1),
(36,41,NULL,1),
(36,41,NULL,1),
(24,42,NULL,1),
(25,42,NULL,1),
(25,42,NULL,1),
(25,42,NULL,1),
(26,42,NULL,1),
(28,42,NULL,1),
(28,42,NULL,1),
(28,42,NULL,1),
(28,42,NULL,1),
(28,42,NULL,1),
(29,42,NULL,1),
(30,42,NULL,1),
(31,42,NULL,1),
(32,42,NULL,1),
(32,42,NULL,1),
(36,42,NULL,1),
(36,42,NULL,1),
(36,42,NULL,1),
(25,45,NULL,1),
(25,45,NULL,1),
(26,45,NULL,1),
(28,45,NULL,1),
(28,45,NULL,1),
(28,45,NULL,1),
(28,45,NULL,1),
(28,45,NULL,1),
(32,45,NULL,1),
(33,45,NULL,1),
(36,45,NULL,1),
(24,46,NULL,1),
(29,46,NULL,1),
(30,46,NULL,1),
(30,46,NULL,1),
(36,46,NULL,1),
(25,47,NULL,1),
(29,47,NULL,1),
(30,47,NULL,1),
(31,47,NULL,1),
(31,47,NULL,1),
(31,47,NULL,1),
(31,47,NULL,1),
(31,47,NULL,1),
(31,47,NULL,1),
(32,47,NULL,1),
(32,47,NULL,1),
(32,47,NULL,1),
(32,47,NULL,1),
(34,47,NULL,1),
(34,47,NULL,1),
(34,47,NULL,1),
(36,47,NULL,1),
(36,47,NULL,1),
(36,47,NULL,1),
(24,48,NULL,1),
(25,48,NULL,1),
(26,48,NULL,1),
(30,48,NULL,1),
(30,48,NULL,1),
(31,48,NULL,1),
(31,48,NULL,1),
(32,48,NULL,1),
(25,49,NULL,1),
(25,49,NULL,1),
(28,49,NULL,1),
(29,49,NULL,1),
(31,49,NULL,1),
(31,49,NULL,1),
(32,49,NULL,1),
(33,49,NULL,1),
(34,49,NULL,1),
(34,49,NULL,1),
(34,49,NULL,1),
(35,49,NULL,1),
(35,49,NULL,1),
(25,50,NULL,1),
(25,50,NULL,1),
(25,50,NULL,1),
(25,50,NULL,1),
(25,50,NULL,1),
(26,50,NULL,1),
(26,50,NULL,1),
(26,50,NULL,1),
(26,50,NULL,1),
(26,50,NULL,1),
(28,50,NULL,1),
(29,50,NULL,1),
(30,50,NULL,1),
(32,50,NULL,1),
(33,50,NULL,1),
(33,50,NULL,1),
(34,50,NULL,1),
(35,50,NULL,1),
(36,50,NULL,1),
(36,50,NULL,1),
(36,50,NULL,1),
(36,50,NULL,1),
(24,51,NULL,1),
(25,51,NULL,1),
(25,51,NULL,1),
(29,51,NULL,1),
(29,51,NULL,1),
(29,51,NULL,1),
(36,51,NULL,1),
(36,51,NULL,1),
(25,52,NULL,1),
(25,52,NULL,1),
(26,52,NULL,1),
(28,52,NULL,1),
(28,52,NULL,1),
(28,52,NULL,1),
(29,52,NULL,1),
(29,52,NULL,1),
(32,52,NULL,1),
(36,52,NULL,1),
(36,52,NULL,1),
(36,52,NULL,1),
(36,52,NULL,1),
(25,53,NULL,1),
(28,53,NULL,1),
(28,53,NULL,1),
(29,53,NULL,1),
(31,53,NULL,1),
(32,53,NULL,1),
(33,53,NULL,1),
(34,53,NULL,1),
(35,53,NULL,1),
(36,53,NULL,1),
(26,54,NULL,1),
(26,54,NULL,1),
(28,54,NULL,1),
(28,54,NULL,1),
(31,54,NULL,1),
(31,54,NULL,1),
(31,54,NULL,1),
(32,54,NULL,1),
(32,54,NULL,1),
(32,54,NULL,1),
(34,54,NULL,1),
(34,54,NULL,1),
(35,54,NULL,1),
(36,54,NULL,1),
(36,54,NULL,1),
(36,54,NULL,1),
(36,54,NULL,1),
(36,54,NULL,1),
(36,54,NULL,1),
(36,54,NULL,1),
(24,55,NULL,1),
(24,55,NULL,1),
(25,55,NULL,1),
(25,55,NULL,1),
(26,55,NULL,1),
(26,55,NULL,1),
(26,55,NULL,1),
(28,55,NULL,1),
(30,55,NULL,1),
(30,55,NULL,1),
(31,55,NULL,1),
(33,55,NULL,1),
(36,55,NULL,1),
(36,55,NULL,1),
(36,55,NULL,1),
(28,56,NULL,1),
(28,56,NULL,1),
(30,56,NULL,1),
(31,56,NULL,1),
(31,56,NULL,1),
(34,56,NULL,1),
(34,56,NULL,1),
(35,56,NULL,1),
(35,56,NULL,1),
(36,56,NULL,1),
(36,56,NULL,1),
(36,56,NULL,1),
(36,56,NULL,1),
(36,56,NULL,1),
(26,57,NULL,1),
(32,57,NULL,1),
(32,57,NULL,1),
(34,57,NULL,1),
(35,57,NULL,1),
(36,57,NULL,1),
(25,58,NULL,1),
(32,58,NULL,1),
(34,58,NULL,1),
(34,58,NULL,1),
(26,59,NULL,1),
(26,59,NULL,1),
(28,59,NULL,1),
(28,59,NULL,1),
(31,59,NULL,1),
(31,59,NULL,1),
(31,59,NULL,1),
(32,59,NULL,1),
(34,59,NULL,1),
(34,59,NULL,1),
(34,59,NULL,1),
(35,59,NULL,1),
(36,59,NULL,1),
(36,59,NULL,1),
(36,59,NULL,1),
(36,59,NULL,1),
(26,60,NULL,1),
(29,60,NULL,1),
(31,60,NULL,1),
(34,60,NULL,1),
(34,60,NULL,1),
(36,60,NULL,1),
(24,61,NULL,1),
(25,61,NULL,1),
(25,61,NULL,1),
(26,61,NULL,1),
(26,61,NULL,1),
(26,61,NULL,1),
(28,61,NULL,1),
(28,61,NULL,1),
(34,61,NULL,1),
(34,61,NULL,1),
(35,61,NULL,1),
(35,61,NULL,1),
(36,61,NULL,1),
(29,62,NULL,1),
(29,62,NULL,1),
(29,62,NULL,1),
(29,62,NULL,1),
(29,62,NULL,1),
(29,62,NULL,1),
(29,62,NULL,1),
(29,62,NULL,1),
(31,63,NULL,1),
(31,63,NULL,1),
(31,63,NULL,1),
(31,63,NULL,1),
(31,63,NULL,1),
(31,63,NULL,1),
(31,63,NULL,1),
(31,63,NULL,1),
(32,64,NULL,1),
(32,64,NULL,1),
(32,64,NULL,1),
(32,64,NULL,1),
(32,64,NULL,1),
(32,64,NULL,1),
(32,64,NULL,1),
(32,64,NULL,1),
(34,64,NULL,1),
(34,64,NULL,1),
(34,64,NULL,1),
(34,64,NULL,1),
(34,64,NULL,1),
(34,64,NULL,1),
(34,64,NULL,1),
(34,64,NULL,1),
(34,64,NULL,1),
(23,65,NULL,1),
(24,65,NULL,1),
(28,65,NULL,1),
(28,65,NULL,1),
(28,65,NULL,1),
(30,65,NULL,1),
(32,65,NULL,1),
(33,65,NULL,1),
(24,66,NULL,1),
(24,66,NULL,1),
(26,66,NULL,1),
(26,66,NULL,1),
(26,66,NULL,1),
(26,66,NULL,1),
(28,66,NULL,1),
(29,66,NULL,1),
(30,66,NULL,1),
(31,66,NULL,1),
(31,66,NULL,1),
(32,66,NULL,1),
(32,66,NULL,1),
(33,66,NULL,1),
(33,66,NULL,1),
(33,66,NULL,1),
(34,66,NULL,1),
(36,66,NULL,1),
(33,67,NULL,1),
(36,67,NULL,1),
(36,67,NULL,1),
(36,67,NULL,1),
(25,68,NULL,1),
(28,68,NULL,1),
(28,68,NULL,1),
(28,68,NULL,1),
(31,68,NULL,1),
(31,68,NULL,1),
(31,68,NULL,1),
(32,68,NULL,1),
(33,68,NULL,1),
(33,68,NULL,1),
(34,68,NULL,1),
(34,68,NULL,1),
(35,68,NULL,1),
(35,68,NULL,1),
(36,68,NULL,1),
(36,68,NULL,1),
(36,68,NULL,1),
(36,68,NULL,1),
(24,69,NULL,1),
(24,69,NULL,1),
(24,69,NULL,1),
(24,69,NULL,1),
(24,69,NULL,1),
(26,69,NULL,1),
(26,69,NULL,1),
(31,69,NULL,1),
(31,69,NULL,1),
(32,69,NULL,1),
(32,69,NULL,1),
(34,69,NULL,1),
(35,69,NULL,1),
(36,69,NULL,1),
(25,70,NULL,1),
(26,70,NULL,1),
(31,70,NULL,1),
(35,70,NULL,1),
(32,71,NULL,1),
(33,71,NULL,1),
(35,71,NULL,1),
(25,72,NULL,1),
(25,72,NULL,1),
(25,72,NULL,1),
(26,72,NULL,1),
(34,72,NULL,1),
(24,73,NULL,1),
(29,73,NULL,1),
(32,73,NULL,1),
(35,73,NULL,1),
(36,73,NULL,1),
(36,73,NULL,1),
(25,74,NULL,1),
(32,74,NULL,1),
(32,74,NULL,1),
(33,74,NULL,1),
(34,74,NULL,1),
(36,74,NULL,1),
(28,75,NULL,1),
(28,75,NULL,1),
(28,75,NULL,1),
(28,75,NULL,1),
(28,75,NULL,1),
(34,75,NULL,1),
(36,75,NULL,1),
(29,76,NULL,1),
(31,76,NULL,1),
(34,76,NULL,1),
(36,76,NULL,1),
(24,77,NULL,1),
(24,77,NULL,1),
(25,77,NULL,1),
(25,77,NULL,1),
(26,77,NULL,1),
(28,77,NULL,1),
(29,77,NULL,1),
(32,77,NULL,1),
(34,77,NULL,1),
(36,77,NULL,1),
(36,77,NULL,1),
(36,77,NULL,1),
(36,77,NULL,1),
(24,78,NULL,1),
(25,78,NULL,1),
(28,78,NULL,1),
(28,78,NULL,1),
(31,78,NULL,1),
(33,78,NULL,1),
(35,78,NULL,1),
(36,78,NULL,1),
(36,78,NULL,1),
(36,78,NULL,1),
(29,79,NULL,1),
(24,80,NULL,1),
(24,80,NULL,1),
(24,80,NULL,1),
(26,80,NULL,1),
(29,80,NULL,1),
(29,80,NULL,1),
(29,80,NULL,1),
(30,80,NULL,1),
(31,80,NULL,1),
(31,80,NULL,1),
(33,80,NULL,1),
(36,80,NULL,1),
(36,80,NULL,1),
(26,81,NULL,1),
(26,81,NULL,1),
(28,81,NULL,1),
(28,81,NULL,1),
(29,81,NULL,1),
(29,81,NULL,1),
(30,81,NULL,1),
(35,81,NULL,1),
(24,82,NULL,1),
(24,82,NULL,1),
(24,82,NULL,1),
(24,82,NULL,1),
(26,82,NULL,1),
(26,82,NULL,1),
(26,82,NULL,1),
(26,82,NULL,1),
(26,82,NULL,1),
(26,82,NULL,1),
(26,82,NULL,1),
(28,82,NULL,1),
(29,82,NULL,1),
(29,82,NULL,1),
(29,82,NULL,1),
(29,82,NULL,1),
(31,82,NULL,1),
(32,83,NULL,1),
(32,83,NULL,1),
(32,83,NULL,1),
(32,83,NULL,1),
(32,83,NULL,1),
(32,83,NULL,1),
(32,83,NULL,1),
(32,83,NULL,1),
(32,83,NULL,1),
(32,83,NULL,1),
(32,83,NULL,1),
(33,83,NULL,1),
(34,84,NULL,1),
(34,84,NULL,1),
(34,84,NULL,1),
(34,84,NULL,1),
(34,84,NULL,1),
(34,84,NULL,1),
(34,84,NULL,1),
(34,84,NULL,1),
(34,84,NULL,1),
(34,84,NULL,1),
(35,84,NULL,1),
(36,85,NULL,1),
(36,85,NULL,1),
(36,85,NULL,1),
(36,85,NULL,1),
(36,85,NULL,1),
(36,85,NULL,1),
(36,85,NULL,1),
(36,85,NULL,1),
(36,85,NULL,1),
(36,85,NULL,1),
(36,86,NULL,1),
(36,86,NULL,1),
(36,86,NULL,1),
(36,86,NULL,1),
(36,86,NULL,1),
(36,86,NULL,1),
(24,87,NULL,1),
(28,87,NULL,1),
(28,87,NULL,1),
(34,87,NULL,1),
(34,87,NULL,1),
(34,87,NULL,1),
(27,88,NULL,1),
(32,88,NULL,1),
(36,88,NULL,1),
(32,88,NULL,1),
(29,89,NULL,1),
(31,89,NULL,1),
(32,89,NULL,1),
(29,89,NULL,1),
(26,90,NULL,1),
(31,90,NULL,1),
(34,90,NULL,1),
(29,89,NULL,1),
(35,91,NULL,1),
(31,91,NULL,1),
(27,91,NULL,1),
(27,91,NULL,1),
(30,91,NULL,1),
(23,91,NULL,1),
(35,92,NULL,1),
(30,92,NULL,1),
(29,92,NULL,1),
(25,92,NULL,1),
(32,92,NULL,1),
(35,92,NULL,1),
(27,93,NULL,1),
(30,92,NULL,1),
(29,92,NULL,1),
(25,92,NULL,1),
(32,92,NULL,1),
(35,92,NULL,1),
(28,94,NULL,1),
(34,94,NULL,1),
(29,92,NULL,1),
(25,92,NULL,1),
(32,92,NULL,1),
(35,92,NULL,1),
(33,95,NULL,1),
(32,95,NULL,1),
(29,92,NULL,1),
(25,92,NULL,1),
(32,92,NULL,1),
(35,92,NULL,1),
(34,96,NULL,1),
(32,96,NULL,1),
(29,96,NULL,1),
(30,96,NULL,1),
(32,96,NULL,1),
(27,96,NULL,1),
(36,97,NULL,1),
(33,97,NULL,1),
(33,97,NULL,1),
(30,97,NULL,1),
(33,97,NULL,1),
(27,96,NULL,1),
(31,98,NULL,1),
(31,98,NULL,1),
(33,97,NULL,1),
(30,97,NULL,1),
(33,97,NULL,1),
(27,96,NULL,1),
(35,99,NULL,1),
(30,99,NULL,1),
(33,99,NULL,1),
(34,99,NULL,1),
(33,97,NULL,1),
(27,96,NULL,1),
(34,100,NULL,1),
(25,100,NULL,1),
(33,100,NULL,1),
(34,99,NULL,1),
(33,97,NULL,1),
(27,96,NULL,1),
(23,101,NULL,1),
(31,101,NULL,1),
(33,100,NULL,1),
(34,99,NULL,1),
(33,97,NULL,1),
(27,96,NULL,1),
(31,102,NULL,1),
(32,102,NULL,1),
(32,102,NULL,1),
(36,102,NULL,1),
(33,97,NULL,1),
(27,96,NULL,1),
(29,103,NULL,1),
(32,102,NULL,1),
(32,102,NULL,1),
(36,102,NULL,1),
(33,97,NULL,1),
(27,96,NULL,1),
(34,104,NULL,1),
(32,102,NULL,1),
(32,102,NULL,1),
(36,102,NULL,1),
(33,97,NULL,1),
(27,96,NULL,1),
(35,105,NULL,1),
(29,105,NULL,1),
(34,105,NULL,1),
(36,102,NULL,1),
(33,97,NULL,1),
(27,96,NULL,1),
(36,106,NULL,1),
(31,106,NULL,1),
(34,105,NULL,1),
(36,102,NULL,1),
(33,97,NULL,1),
(27,96,NULL,1),
(30,107,NULL,1),
(31,106,NULL,1),
(34,105,NULL,1),
(36,102,NULL,1),
(33,97,NULL,1),
(27,96,NULL,1),
(35,108,NULL,1),
(24,108,NULL,1),
(31,108,NULL,1),
(36,102,NULL,1),
(33,97,NULL,1),
(27,96,NULL,1),
(32,109,NULL,1),
(28,109,NULL,1),
(27,109,NULL,1),
(27,109,NULL,1),
(32,109,NULL,1),
(27,96,NULL,1),
(32,110,NULL,1),
(31,110,NULL,1),
(25,110,NULL,1),
(32,110,NULL,1),
(32,109,NULL,1),
(27,96,NULL,1),
(25,111,NULL,1),
(28,111,NULL,1),
(35,111,NULL,1),
(32,111,NULL,1),
(25,111,NULL,1),
(27,96,NULL,1),
(26,112,NULL,1),
(24,112,NULL,1),
(33,112,NULL,1),
(34,112,NULL,1),
(30,112,NULL,1),
(30,112,NULL,1),
(30,113,NULL,1),
(24,113,NULL,1),
(33,112,NULL,1),
(34,112,NULL,1),
(30,112,NULL,1),
(30,112,NULL,1),
(30,114,NULL,1),
(24,113,NULL,1),
(33,112,NULL,1),
(34,112,NULL,1),
(30,112,NULL,1),
(30,112,NULL,1),
(28,115,NULL,1),
(34,115,NULL,1),
(32,115,NULL,1),
(33,115,NULL,1),
(31,115,NULL,1),
(26,115,NULL,1),
(33,116,NULL,1),
(30,116,NULL,1),
(23,116,NULL,1),
(30,116,NULL,1),
(31,115,NULL,1),
(26,115,NULL,1),
(23,117,NULL,1),
(35,117,NULL,1),
(36,117,NULL,1),
(25,117,NULL,1),
(31,115,NULL,1),
(26,115,NULL,1),
(30,118,NULL,1),
(35,118,NULL,1),
(35,118,NULL,1),
(30,118,NULL,1),
(28,118,NULL,1),
(24,118,NULL,1),
(23,118,NULL,1),
(24,119,NULL,1),
(25,119,NULL,1),
(36,119,NULL,1),
(23,119,NULL,1),
(23,119,NULL,1),
(24,118,NULL,1),
(23,118,NULL,1),
(27,120,NULL,1),
(34,120,NULL,1),
(28,120,NULL,1),
(23,119,NULL,1),
(23,119,NULL,1),
(24,118,NULL,1),
(23,118,NULL,1),
(30,121,NULL,1),
(33,121,NULL,1),
(28,120,NULL,1),
(23,119,NULL,1),
(23,119,NULL,1),
(24,118,NULL,1),
(23,118,NULL,1),
(31,122,NULL,1),
(33,121,NULL,1),
(28,120,NULL,1),
(23,119,NULL,1),
(23,119,NULL,1),
(24,118,NULL,1),
(23,118,NULL,1),
(34,123,NULL,1),
(28,123,NULL,1),
(31,123,NULL,1),
(34,123,NULL,1),
(23,119,NULL,1),
(24,118,NULL,1),
(23,118,NULL,1),
(24,124,NULL,1),
(34,124,NULL,1),
(23,124,NULL,1),
(34,123,NULL,1),
(23,119,NULL,1),
(24,118,NULL,1),
(23,118,NULL,1),
(23,125,NULL,1),
(26,125,NULL,1),
(31,125,NULL,1),
(33,125,NULL,1),
(23,119,NULL,1),
(24,118,NULL,1),
(23,118,NULL,1),
(34,126,NULL,1),
(26,125,NULL,1),
(31,125,NULL,1),
(33,125,NULL,1),
(23,119,NULL,1),
(24,118,NULL,1),
(23,118,NULL,1),
(29,127,NULL,1),
(27,127,NULL,1),
(30,127,NULL,1),
(33,125,NULL,1),
(23,119,NULL,1),
(24,118,NULL,1),
(23,118,NULL,1),
(23,128,NULL,1),
(36,128,NULL,1),
(32,128,NULL,1),
(30,128,NULL,1),
(25,128,NULL,1),
(24,118,NULL,1),
(23,118,NULL,1),
(28,129,NULL,1),
(34,129,NULL,1),
(31,129,NULL,1),
(30,128,NULL,1),
(25,128,NULL,1),
(24,118,NULL,1),
(23,118,NULL,1),
(25,130,NULL,1),
(26,130,NULL,1),
(31,129,NULL,1),
(30,128,NULL,1),
(25,128,NULL,1),
(24,118,NULL,1),
(23,118,NULL,1),
(36,131,NULL,1),
(27,131,NULL,1),
(30,131,NULL,1),
(30,128,NULL,1),
(25,128,NULL,1),
(24,118,NULL,1),
(23,118,NULL,1),
(32,132,NULL,1),
(31,132,NULL,1),
(24,132,NULL,1),
(31,132,NULL,1),
(25,128,NULL,1),
(24,118,NULL,1),
(23,118,NULL,1),
(23,133,NULL,1),
(32,133,NULL,1),
(24,132,NULL,1),
(31,132,NULL,1),
(25,128,NULL,1),
(24,118,NULL,1),
(23,118,NULL,1),
(28,134,NULL,1),
(24,134,NULL,1),
(36,134,NULL,1),
(31,134,NULL,1),
(25,128,NULL,1),
(24,118,NULL,1),
(23,118,NULL,1),
(23,135,NULL,1),
(33,135,NULL,1),
(36,135,NULL,1),
(35,135,NULL,1),
(28,135,NULL,1),
(24,135,NULL,1),
(23,118,NULL,1),
(33,136,NULL,1),
(31,136,NULL,1),
(36,135,NULL,1),
(35,135,NULL,1),
(28,135,NULL,1),
(24,135,NULL,1),
(23,118,NULL,1),
(25,137,NULL,1),
(31,137,NULL,1),
(36,135,NULL,1),
(35,135,NULL,1),
(28,135,NULL,1),
(24,135,NULL,1),
(23,118,NULL,1),
(31,138,NULL,1),
(31,137,NULL,1),
(36,135,NULL,1),
(35,135,NULL,1),
(28,135,NULL,1),
(24,135,NULL,1),
(23,118,NULL,1),
(30,139,NULL,1),
(30,139,NULL,1),
(29,139,NULL,1),
(27,139,NULL,1),
(28,135,NULL,1),
(24,135,NULL,1),
(23,118,NULL,1),
(35,140,NULL,1),
(29,140,NULL,1),
(31,140,NULL,1),
(29,140,NULL,1),
(28,135,NULL,1),
(24,135,NULL,1),
(23,118,NULL,1),
(29,141,NULL,1),
(27,141,NULL,1),
(36,141,NULL,1),
(28,141,NULL,1),
(28,135,NULL,1),
(24,135,NULL,1),
(23,118,NULL,1),
(31,142,NULL,1),
(27,142,NULL,1),
(25,142,NULL,1),
(28,141,NULL,1),
(28,135,NULL,1),
(24,135,NULL,1),
(23,118,NULL,1),
(33,143,NULL,1),
(28,143,NULL,1),
(26,143,NULL,1),
(28,143,NULL,1),
(35,143,NULL,1),
(23,143,NULL,1),
(23,118,NULL,1),
(30,144,NULL,1),
(24,144,NULL,1),
(23,144,NULL,1),
(28,143,NULL,1),
(35,143,NULL,1),
(23,143,NULL,1),
(23,118,NULL,1),
(23,145,NULL,1),
(36,145,NULL,1),
(28,145,NULL,1),
(24,145,NULL,1),
(23,145,NULL,1),
(23,143,NULL,1),
(23,118,NULL,1),
(29,146,NULL,1),
(25,146,NULL,1),
(34,146,NULL,1),
(32,146,NULL,1),
(23,145,NULL,1),
(23,143,NULL,1),
(23,118,NULL,1),
(27,147,NULL,1),
(28,147,NULL,1),
(24,147,NULL,1),
(28,147,NULL,1),
(27,147,NULL,1),
(23,143,NULL,1),
(23,118,NULL,1),
(31,148,NULL,1),
(33,148,NULL,1),
(33,148,NULL,1),
(28,147,NULL,1),
(27,147,NULL,1),
(23,143,NULL,1),
(23,118,NULL,1),
(36,149,NULL,1),
(32,149,NULL,1),
(31,149,NULL,1),
(28,147,NULL,1),
(27,147,NULL,1),
(23,143,NULL,1),
(23,118,NULL,1),
(31,150,NULL,1),
(34,150,NULL,1),
(34,150,NULL,1),
(28,147,NULL,1),
(27,147,NULL,1),
(23,143,NULL,1),
(23,118,NULL,1),
(28,151,NULL,1),
(36,151,NULL,1),
(26,151,NULL,1),
(30,151,NULL,1),
(30,151,NULL,1),
(23,143,NULL,1),
(23,118,NULL,1),
(29,152,NULL,1),
(31,152,NULL,1),
(29,152,NULL,1),
(35,152,NULL,1),
(30,151,NULL,1),
(23,143,NULL,1),
(23,118,NULL,1),
(29,153,NULL,1),
(30,153,NULL,1),
(36,153,NULL,1),
(35,152,NULL,1),
(30,151,NULL,1),
(23,143,NULL,1),
(23,118,NULL,1),
(34,154,NULL,1),
(35,154,NULL,1),
(24,154,NULL,1),
(35,152,NULL,1),
(30,151,NULL,1),
(23,143,NULL,1),
(23,118,NULL,1),
(30,155,NULL,1),
(27,155,NULL,1),
(26,155,NULL,1),
(35,155,NULL,1),
(35,155,NULL,1),
(23,143,NULL,1),
(23,118,NULL,1),
(23,156,NULL,1),
(29,156,NULL,1),
(36,156,NULL,1),
(35,155,NULL,1),
(35,155,NULL,1),
(23,143,NULL,1),
(23,118,NULL,1),
(33,157,NULL,1),
(29,156,NULL,1),
(36,156,NULL,1),
(35,155,NULL,1),
(35,155,NULL,1),
(23,143,NULL,1),
(23,118,NULL,1),
(28,158,NULL,1),
(36,158,NULL,1),
(34,158,NULL,1),
(25,158,NULL,1),
(35,155,NULL,1),
(23,143,NULL,1),
(23,118,NULL,1),
(28,159,NULL,1),
(32,159,NULL,1),
(27,159,NULL,1),
(25,158,NULL,1),
(35,155,NULL,1),
(23,143,NULL,1),
(23,118,NULL,1),
(25,160,NULL,1),
(24,160,NULL,1),
(23,160,NULL,1),
(23,160,NULL,1),
(29,160,NULL,1),
(23,143,NULL,1),
(23,118,NULL,1),
(29,161,NULL,1),
(32,161,NULL,1),
(24,161,NULL,1),
(23,160,NULL,1),
(29,160,NULL,1),
(23,143,NULL,1),
(23,118,NULL,1),
(35,162,NULL,1),
(36,162,NULL,1),
(34,162,NULL,1),
(30,162,NULL,1),
(29,160,NULL,1),
(23,143,NULL,1),
(23,118,NULL,1),
(24,163,NULL,1),
(27,163,NULL,1),
(34,162,NULL,1),
(30,162,NULL,1),
(29,160,NULL,1),
(23,143,NULL,1),
(23,118,NULL,1),
(34,164,NULL,1),
(27,164,NULL,1),
(27,164,NULL,1),
(25,164,NULL,1),
(29,160,NULL,1),
(23,143,NULL,1),
(23,118,NULL,1),
(31,165,NULL,1),
(33,165,NULL,1),
(23,165,NULL,1),
(25,164,NULL,1),
(29,160,NULL,1),
(23,143,NULL,1),
(23,118,NULL,1),
(23,166,NULL,1),
(23,166,NULL,1),
(23,165,NULL,1),
(25,164,NULL,1),
(29,160,NULL,1),
(23,143,NULL,1),
(23,118,NULL,1),
(28,167,NULL,1),
(23,166,NULL,1),
(23,165,NULL,1),
(25,164,NULL,1),
(29,160,NULL,1),
(23,143,NULL,1),
(23,118,NULL,1),
(35,168,NULL,1),
(30,168,NULL,1),
(32,168,NULL,1),
(32,168,NULL,1),
(25,168,NULL,1),
(23,143,NULL,1),
(23,118,NULL,1),
(31,169,NULL,1),
(31,169,NULL,1),
(33,169,NULL,1),
(27,169,NULL,1),
(27,169,NULL,1),
(23,143,NULL,1),
(23,118,NULL,1),
(33,170,NULL,1),
(24,170,NULL,1),
(31,170,NULL,1),
(33,170,NULL,1),
(36,170,NULL,1),
(23,143,NULL,1),
(23,118,NULL,1),
(25,171,NULL,1),
(24,171,NULL,1),
(35,171,NULL,1),
(33,170,NULL,1),
(36,170,NULL,1),
(23,143,NULL,1),
(23,118,NULL,1),
(27,172,NULL,1),
(36,172,NULL,1),
(28,172,NULL,1),
(35,172,NULL,1),
(26,172,NULL,1),
(23,143,NULL,1),
(23,118,NULL,1),
(30,173,NULL,1),
(28,173,NULL,1),
(33,173,NULL,1),
(34,173,NULL,1),
(26,172,NULL,1),
(23,143,NULL,1),
(23,118,NULL,1),
(27,174,NULL,1),
(33,174,NULL,1),
(30,174,NULL,1),
(34,173,NULL,1),
(26,172,NULL,1),
(23,143,NULL,1),
(23,118,NULL,1),
(25,175,NULL,1),
(34,175,NULL,1),
(30,174,NULL,1),
(34,173,NULL,1),
(26,172,NULL,1),
(23,143,NULL,1),
(23,118,NULL,1),
(36,176,NULL,1),
(25,176,NULL,1),
(30,174,NULL,1),
(34,173,NULL,1),
(26,172,NULL,1),
(23,143,NULL,1),
(23,118,NULL,1),
(24,177,NULL,1),
(25,177,NULL,1),
(30,174,NULL,1),
(34,173,NULL,1),
(26,172,NULL,1),
(23,143,NULL,1),
(23,118,NULL,1),
(27,178,NULL,1),
(25,177,NULL,1),
(30,174,NULL,1),
(34,173,NULL,1),
(26,172,NULL,1),
(23,143,NULL,1),
(23,118,NULL,1),
(31,179,NULL,1),
(25,177,NULL,1),
(30,174,NULL,1),
(34,173,NULL,1),
(26,172,NULL,1),
(23,143,NULL,1),
(23,118,NULL,1),
(25,180,NULL,1),
(29,180,NULL,1),
(33,180,NULL,1),
(31,180,NULL,1),
(25,180,NULL,1),
(23,143,NULL,1),
(23,118,NULL,1),
(27,181,NULL,1),
(35,181,NULL,1),
(33,180,NULL,1),
(31,180,NULL,1),
(25,180,NULL,1),
(23,143,NULL,1),
(23,118,NULL,1),
(25,182,NULL,1),
(25,182,NULL,1),
(28,182,NULL,1),
(32,182,NULL,1),
(25,180,NULL,1),
(23,143,NULL,1),
(23,118,NULL,1),
(30,183,NULL,1),
(34,183,NULL,1),
(29,183,NULL,1),
(25,183,NULL,1),
(25,180,NULL,1),
(23,143,NULL,1),
(23,118,NULL,1),
(31,184,NULL,1),
(36,184,NULL,1),
(33,184,NULL,1),
(29,184,NULL,1),
(29,184,NULL,1),
(32,184,NULL,1),
(24,184,NULL,1),
(30,185,NULL,1),
(27,185,NULL,1),
(24,185,NULL,1),
(34,185,NULL,1),
(29,184,NULL,1),
(32,184,NULL,1),
(24,184,NULL,1),
(31,186,NULL,1),
(33,186,NULL,1),
(35,186,NULL,1),
(33,186,NULL,1),
(29,184,NULL,1),
(32,184,NULL,1),
(24,184,NULL,1),
(25,187,NULL,1),
(29,187,NULL,1),
(33,187,NULL,1),
(31,187,NULL,1),
(35,187,NULL,1),
(32,184,NULL,1),
(24,184,NULL,1),
(35,188,NULL,1),
(32,188,NULL,1),
(35,188,NULL,1),
(27,188,NULL,1),
(35,187,NULL,1),
(32,184,NULL,1),
(24,184,NULL,1),
(23,189,NULL,1),
(35,189,NULL,1),
(35,188,NULL,1),
(27,188,NULL,1),
(35,187,NULL,1),
(32,184,NULL,1),
(24,184,NULL,1),
(26,190,NULL,1),
(23,190,NULL,1),
(35,188,NULL,1),
(27,188,NULL,1),
(35,187,NULL,1),
(32,184,NULL,1),
(24,184,NULL,1),
(36,191,NULL,1),
(23,190,NULL,1),
(35,188,NULL,1),
(27,188,NULL,1),
(35,187,NULL,1),
(32,184,NULL,1),
(24,184,NULL,1),
(25,192,NULL,1),
(32,192,NULL,1),
(34,192,NULL,1),
(36,192,NULL,1),
(36,192,NULL,1),
(32,184,NULL,1),
(24,184,NULL,1),
(29,193,NULL,1),
(25,193,NULL,1),
(27,193,NULL,1),
(31,193,NULL,1),
(36,192,NULL,1),
(32,184,NULL,1),
(24,184,NULL,1),
(25,194,NULL,1),
(30,194,NULL,1),
(35,194,NULL,1),
(27,194,NULL,1),
(36,192,NULL,1),
(32,184,NULL,1),
(24,184,NULL,1),
(32,195,NULL,1),
(29,195,NULL,1),
(35,194,NULL,1),
(27,194,NULL,1),
(36,192,NULL,1),
(32,184,NULL,1),
(24,184,NULL,1),
(25,196,NULL,1),
(26,196,NULL,1),
(24,196,NULL,1),
(34,196,NULL,1),
(36,192,NULL,1),
(32,184,NULL,1),
(24,184,NULL,1),
(24,197,NULL,1),
(26,196,NULL,1),
(24,196,NULL,1),
(34,196,NULL,1),
(36,192,NULL,1),
(32,184,NULL,1),
(24,184,NULL,1),
(30,198,NULL,1),
(23,198,NULL,1),
(26,198,NULL,1),
(31,198,NULL,1),
(36,198,NULL,1),
(29,198,NULL,1),
(24,184,NULL,1),
(27,199,NULL,1),
(33,199,NULL,1),
(35,199,NULL,1),
(29,199,NULL,1),
(30,199,NULL,1),
(32,199,NULL,1),
(24,184,NULL,1),
(35,200,NULL,1),
(23,200,NULL,1),
(29,200,NULL,1),
(28,200,NULL,1),
(30,199,NULL,1),
(32,199,NULL,1),
(24,184,NULL,1),
(24,201,NULL,1),
(23,201,NULL,1),
(27,201,NULL,1),
(32,201,NULL,1),
(30,199,NULL,1),
(32,199,NULL,1),
(24,184,NULL,1),
(23,202,NULL,1),
(23,201,NULL,1),
(27,201,NULL,1),
(32,201,NULL,1),
(30,199,NULL,1),
(32,199,NULL,1),
(24,184,NULL,1),
(36,203,NULL,1),
(27,203,NULL,1),
(28,203,NULL,1),
(32,201,NULL,1),
(30,199,NULL,1),
(32,199,NULL,1),
(24,184,NULL,1),
(23,204,NULL,1),
(25,204,NULL,1),
(28,203,NULL,1),
(32,201,NULL,1),
(30,199,NULL,1),
(32,199,NULL,1),
(24,184,NULL,1),
(25,205,NULL,1),
(25,205,NULL,1),
(23,205,NULL,1),
(32,201,NULL,1),
(30,199,NULL,1),
(32,199,NULL,1),
(24,184,NULL,1),
(29,206,NULL,1),
(35,206,NULL,1),
(27,206,NULL,1),
(29,206,NULL,1),
(31,206,NULL,1),
(32,199,NULL,1),
(24,184,NULL,1),
(25,207,NULL,1),
(35,207,NULL,1),
(35,207,NULL,1),
(29,206,NULL,1),
(31,206,NULL,1),
(32,199,NULL,1),
(24,184,NULL,1),
(34,208,NULL,1),
(23,208,NULL,1),
(35,208,NULL,1),
(25,208,NULL,1),
(31,206,NULL,1),
(32,199,NULL,1),
(24,184,NULL,1),
(28,209,NULL,1),
(34,209,NULL,1),
(34,209,NULL,1),
(25,209,NULL,1),
(31,206,NULL,1),
(32,199,NULL,1),
(24,184,NULL,1),
(36,210,NULL,1),
(29,210,NULL,1),
(25,210,NULL,1),
(29,210,NULL,1),
(31,206,NULL,1),
(32,199,NULL,1),
(24,184,NULL,1),
(29,211,NULL,1),
(29,210,NULL,1),
(25,210,NULL,1),
(29,210,NULL,1),
(31,206,NULL,1),
(32,199,NULL,1),
(24,184,NULL,1),
(24,212,NULL,1),
(28,212,NULL,1),
(23,212,NULL,1),
(29,210,NULL,1),
(31,206,NULL,1),
(32,199,NULL,1),
(24,184,NULL,1),
(29,213,NULL,1),
(23,213,NULL,1),
(23,212,NULL,1),
(29,210,NULL,1),
(31,206,NULL,1),
(32,199,NULL,1),
(24,184,NULL,1),
(29,214,NULL,1),
(28,214,NULL,1),
(31,214,NULL,1),
(23,214,NULL,1),
(31,206,NULL,1),
(32,199,NULL,1),
(24,184,NULL,1),
(24,215,NULL,1),
(31,215,NULL,1),
(31,214,NULL,1),
(23,214,NULL,1),
(31,206,NULL,1),
(32,199,NULL,1),
(24,184,NULL,1),
(29,216,NULL,1),
(29,216,NULL,1),
(25,216,NULL,1),
(24,216,NULL,1),
(31,206,NULL,1),
(32,199,NULL,1),
(24,184,NULL,1),
(28,217,NULL,1),
(28,217,NULL,1),
(29,217,NULL,1),
(30,217,NULL,1),
(36,217,NULL,1),
(34,217,NULL,1),
(30,217,NULL,1),
(26,218,NULL,1),
(30,218,NULL,1),
(25,218,NULL,1),
(27,218,NULL,1),
(36,217,NULL,1),
(34,217,NULL,1),
(30,217,NULL,1),
(23,219,NULL,1),
(35,219,NULL,1),
(28,219,NULL,1),
(26,219,NULL,1),
(36,219,NULL,1),
(34,217,NULL,1),
(30,217,NULL,1),
(33,220,NULL,1),
(30,220,NULL,1),
(28,220,NULL,1),
(27,220,NULL,1),
(26,220,NULL,1),
(29,220,NULL,1),
(30,217,NULL,1),
(23,221,NULL,1),
(33,221,NULL,1),
(29,221,NULL,1),
(34,221,NULL,1),
(25,221,NULL,1),
(29,220,NULL,1),
(30,217,NULL,1),
(24,222,NULL,1),
(33,221,NULL,1),
(29,221,NULL,1),
(34,221,NULL,1),
(25,221,NULL,1),
(29,220,NULL,1),
(30,217,NULL,1),
(36,223,NULL,1),
(28,223,NULL,1),
(29,221,NULL,1),
(34,221,NULL,1),
(25,221,NULL,1),
(29,220,NULL,1),
(30,217,NULL,1),
(25,224,NULL,1),
(28,223,NULL,1),
(29,221,NULL,1),
(34,221,NULL,1),
(25,221,NULL,1),
(29,220,NULL,1),
(30,217,NULL,1),
(30,225,NULL,1),
(25,225,NULL,1),
(26,225,NULL,1),
(24,225,NULL,1),
(26,225,NULL,1),
(27,225,NULL,1),
(33,225,NULL,1),
(31,226,NULL,1),
(32,226,NULL,1),
(30,226,NULL,1),
(35,226,NULL,1),
(23,226,NULL,1),
(23,226,NULL,1),
(33,225,NULL,1),
(27,227,NULL,1),
(32,226,NULL,1),
(30,226,NULL,1),
(35,226,NULL,1),
(23,226,NULL,1),
(23,226,NULL,1),
(33,225,NULL,1),
(34,228,NULL,1),
(33,228,NULL,1),
(32,228,NULL,1),
(35,226,NULL,1),
(23,226,NULL,1),
(23,226,NULL,1),
(33,225,NULL,1),
(29,229,NULL,1),
(24,229,NULL,1),
(28,229,NULL,1),
(24,229,NULL,1),
(26,229,NULL,1),
(23,226,NULL,1),
(33,225,NULL,1),
(29,230,NULL,1),
(31,230,NULL,1),
(31,230,NULL,1),
(35,230,NULL,1),
(26,229,NULL,1),
(23,226,NULL,1),
(33,225,NULL,1),
(27,231,NULL,1),
(34,231,NULL,1),
(32,231,NULL,1),
(35,231,NULL,1),
(28,231,NULL,1),
(30,231,NULL,1),
(33,225,NULL,1),
(29,232,NULL,1),
(34,231,NULL,1),
(32,231,NULL,1),
(35,231,NULL,1),
(28,231,NULL,1),
(30,231,NULL,1),
(33,225,NULL,1),
(24,233,NULL,1),
(32,233,NULL,1),
(34,233,NULL,1),
(35,231,NULL,1),
(28,231,NULL,1),
(30,231,NULL,1),
(33,225,NULL,1),
(33,234,NULL,1),
(36,234,NULL,1),
(34,233,NULL,1),
(35,231,NULL,1),
(28,231,NULL,1),
(30,231,NULL,1),
(33,225,NULL,1),
(27,235,NULL,1),
(25,235,NULL,1),
(26,235,NULL,1),
(34,235,NULL,1),
(28,231,NULL,1),
(30,231,NULL,1),
(33,225,NULL,1),
(33,236,NULL,1),
(33,236,NULL,1),
(30,236,NULL,1),
(29,236,NULL,1),
(23,236,NULL,1),
(30,231,NULL,1),
(33,225,NULL,1),
(32,237,NULL,1),
(33,237,NULL,1),
(27,237,NULL,1),
(29,236,NULL,1),
(23,236,NULL,1),
(30,231,NULL,1),
(33,225,NULL,1),
(23,238,NULL,1),
(31,238,NULL,1),
(33,238,NULL,1),
(29,236,NULL,1),
(23,236,NULL,1),
(30,231,NULL,1),
(33,225,NULL,1),
(34,239,NULL,1),
(27,239,NULL,1),
(33,238,NULL,1),
(29,236,NULL,1),
(23,236,NULL,1),
(30,231,NULL,1),
(33,225,NULL,1),
(23,240,NULL,1),
(32,240,NULL,1),
(33,238,NULL,1),
(29,236,NULL,1),
(23,236,NULL,1),
(30,231,NULL,1),
(33,225,NULL,1),
(28,241,NULL,1),
(26,241,NULL,1),
(23,241,NULL,1),
(29,236,NULL,1),
(23,236,NULL,1),
(30,231,NULL,1),
(33,225,NULL,1),
(31,242,NULL,1),
(26,242,NULL,1),
(33,242,NULL,1),
(28,242,NULL,1),
(23,236,NULL,1),
(30,231,NULL,1),
(33,225,NULL,1),
(24,243,NULL,1),
(33,243,NULL,1),
(33,242,NULL,1),
(28,242,NULL,1),
(23,236,NULL,1),
(30,231,NULL,1),
(33,225,NULL,1),
(28,244,NULL,1),
(35,244,NULL,1),
(29,244,NULL,1),
(24,244,NULL,1),
(23,236,NULL,1),
(30,231,NULL,1),
(33,225,NULL,1),
(28,245,NULL,1),
(26,245,NULL,1),
(32,245,NULL,1),
(32,245,NULL,1),
(23,236,NULL,1),
(30,231,NULL,1),
(33,225,NULL,1),
(27,246,NULL,1),
(24,246,NULL,1),
(32,245,NULL,1),
(32,245,NULL,1),
(23,236,NULL,1),
(30,231,NULL,1),
(33,225,NULL,1),
(26,247,NULL,1),
(34,247,NULL,1),
(32,245,NULL,1),
(32,245,NULL,1),
(23,236,NULL,1),
(30,231,NULL,1),
(33,225,NULL,1),
(34,248,NULL,1),
(34,248,NULL,1),
(24,248,NULL,1),
(34,248,NULL,1),
(33,248,NULL,1),
(24,248,NULL,1),
(28,248,NULL,1),
(35,249,NULL,1),
(34,249,NULL,1),
(24,249,NULL,1),
(34,248,NULL,1),
(33,248,NULL,1),
(24,248,NULL,1),
(28,248,NULL,1),
(30,250,NULL,1),
(28,250,NULL,1),
(24,249,NULL,1),
(34,248,NULL,1),
(33,248,NULL,1),
(24,248,NULL,1),
(28,248,NULL,1),
(36,251,NULL,1),
(23,251,NULL,1),
(24,249,NULL,1),
(34,248,NULL,1),
(33,248,NULL,1),
(24,248,NULL,1),
(28,248,NULL,1),
(33,252,NULL,1),
(32,252,NULL,1),
(24,249,NULL,1),
(34,248,NULL,1),
(33,248,NULL,1),
(24,248,NULL,1),
(28,248,NULL,1),
(27,253,NULL,1),
(32,253,NULL,1),
(27,253,NULL,1),
(34,248,NULL,1),
(33,248,NULL,1),
(24,248,NULL,1),
(28,248,NULL,1),
(25,254,NULL,1),
(36,254,NULL,1),
(33,254,NULL,1),
(24,254,NULL,1),
(33,254,NULL,1),
(32,254,NULL,1),
(28,248,NULL,1),
(32,255,NULL,1),
(32,255,NULL,1),
(34,255,NULL,1),
(24,254,NULL,1),
(33,254,NULL,1),
(32,254,NULL,1),
(28,248,NULL,1),
(23,256,NULL,1),
(25,256,NULL,1),
(23,256,NULL,1),
(25,256,NULL,1),
(33,254,NULL,1),
(32,254,NULL,1),
(28,248,NULL,1),
(28,257,NULL,1),
(25,257,NULL,1),
(32,257,NULL,1),
(33,257,NULL,1),
(33,254,NULL,1),
(32,254,NULL,1),
(28,248,NULL,1),
(26,258,NULL,1),
(30,258,NULL,1),
(32,257,NULL,1),
(33,257,NULL,1),
(33,254,NULL,1),
(32,254,NULL,1),
(28,248,NULL,1),
(28,259,NULL,1),
(23,259,NULL,1),
(33,259,NULL,1),
(33,257,NULL,1),
(33,254,NULL,1),
(32,254,NULL,1),
(28,248,NULL,1),
(34,260,NULL,1),
(28,260,NULL,1),
(35,260,NULL,1),
(33,257,NULL,1),
(33,254,NULL,1),
(32,254,NULL,1),
(28,248,NULL,1),
(31,261,NULL,1),
(33,261,NULL,1),
(25,261,NULL,1),
(33,257,NULL,1),
(33,254,NULL,1),
(32,254,NULL,1),
(28,248,NULL,1),
(36,262,NULL,1),
(29,262,NULL,1),
(25,261,NULL,1),
(33,257,NULL,1),
(33,254,NULL,1),
(32,254,NULL,1),
(28,248,NULL,1),
(31,263,NULL,1),
(29,262,NULL,1),
(25,261,NULL,1),
(33,257,NULL,1),
(33,254,NULL,1),
(32,254,NULL,1),
(28,248,NULL,1),
(25,264,NULL,1),
(26,264,NULL,1),
(36,264,NULL,1),
(31,264,NULL,1),
(25,264,NULL,1),
(32,254,NULL,1),
(28,248,NULL,1),
(26,265,NULL,1),
(25,265,NULL,1),
(24,265,NULL,1),
(31,264,NULL,1),
(25,264,NULL,1),
(32,254,NULL,1),
(28,248,NULL,1),
(30,266,NULL,1),
(34,266,NULL,1),
(24,265,NULL,1),
(31,264,NULL,1),
(25,264,NULL,1),
(32,254,NULL,1),
(28,248,NULL,1),
(36,267,NULL,1),
(33,267,NULL,1),
(35,267,NULL,1),
(31,264,NULL,1),
(25,264,NULL,1),
(32,254,NULL,1),
(28,248,NULL,1),
(35,268,NULL,1),
(23,268,NULL,1),
(35,267,NULL,1),
(31,264,NULL,1),
(25,264,NULL,1),
(32,254,NULL,1),
(28,248,NULL,1),
(28,269,NULL,1),
(30,269,NULL,1),
(29,269,NULL,1),
(34,269,NULL,1),
(34,269,NULL,1),
(26,269,NULL,1),
(36,269,NULL,1),
(24,270,NULL,1),
(30,270,NULL,1),
(35,270,NULL,1),
(34,269,NULL,1),
(34,269,NULL,1),
(26,269,NULL,1),
(36,269,NULL,1),
(27,271,NULL,1),
(23,271,NULL,1),
(30,271,NULL,1),
(34,269,NULL,1),
(34,269,NULL,1),
(26,269,NULL,1),
(36,269,NULL,1),
(27,272,NULL,1),
(29,272,NULL,1),
(36,272,NULL,1),
(34,269,NULL,1),
(34,269,NULL,1),
(26,269,NULL,1),
(36,269,NULL,1),
(33,273,NULL,1),
(29,272,NULL,1),
(36,272,NULL,1),
(34,269,NULL,1),
(34,269,NULL,1),
(26,269,NULL,1),
(36,269,NULL,1),
(34,274,NULL,1),
(29,272,NULL,1),
(36,272,NULL,1),
(34,269,NULL,1),
(34,269,NULL,1),
(26,269,NULL,1),
(36,269,NULL,1),
(25,275,NULL,1),
(27,275,NULL,1),
(36,272,NULL,1),
(34,269,NULL,1),
(34,269,NULL,1),
(26,269,NULL,1),
(36,269,NULL,1),
(26,276,NULL,1),
(30,276,NULL,1),
(35,276,NULL,1),
(34,269,NULL,1),
(34,269,NULL,1),
(26,269,NULL,1),
(36,269,NULL,1),
(28,277,NULL,1),
(30,277,NULL,1),
(28,277,NULL,1),
(34,277,NULL,1),
(23,277,NULL,1),
(27,277,NULL,1),
(36,269,NULL,1),
(32,278,NULL,1),
(28,278,NULL,1),
(23,278,NULL,1),
(34,277,NULL,1),
(23,277,NULL,1),
(27,277,NULL,1),
(36,269,NULL,1),
(36,279,NULL,1),
(32,279,NULL,1),
(31,279,NULL,1),
(25,279,NULL,1),
(32,279,NULL,1),
(27,277,NULL,1),
(36,269,NULL,1),
(34,280,NULL,1),
(35,280,NULL,1),
(36,280,NULL,1),
(35,280,NULL,1),
(35,280,NULL,1),
(33,280,NULL,1),
(36,269,NULL,1),
(34,281,NULL,1),
(23,281,NULL,1),
(34,281,NULL,1),
(36,281,NULL,1),
(24,281,NULL,1),
(33,280,NULL,1),
(36,269,NULL,1),
(32,282,NULL,1),
(29,282,NULL,1),
(33,282,NULL,1),
(36,281,NULL,1),
(24,281,NULL,1),
(33,280,NULL,1),
(36,269,NULL,1),
(33,283,NULL,1),
(26,283,NULL,1),
(36,283,NULL,1),
(35,283,NULL,1),
(24,281,NULL,1),
(33,280,NULL,1),
(36,269,NULL,1),
(27,284,NULL,1),
(26,283,NULL,1),
(36,283,NULL,1),
(35,283,NULL,1),
(24,281,NULL,1),
(33,280,NULL,1),
(36,269,NULL,1),
(34,285,NULL,1),
(35,285,NULL,1),
(32,285,NULL,1),
(24,285,NULL,1),
(24,281,NULL,1),
(33,280,NULL,1),
(36,269,NULL,1),
(34,286,NULL,1),
(34,286,NULL,1),
(31,286,NULL,1),
(24,285,NULL,1),
(24,281,NULL,1),
(33,280,NULL,1),
(36,269,NULL,1),
(36,287,NULL,1),
(34,286,NULL,1),
(31,286,NULL,1),
(24,285,NULL,1),
(24,281,NULL,1),
(33,280,NULL,1),
(36,269,NULL,1),
(34,288,NULL,1),
(24,288,NULL,1),
(31,286,NULL,1),
(24,285,NULL,1),
(24,281,NULL,1),
(33,280,NULL,1),
(36,269,NULL,1),
(28,289,NULL,1),
(24,288,NULL,1),
(31,286,NULL,1),
(24,285,NULL,1),
(24,281,NULL,1),
(33,280,NULL,1),
(36,269,NULL,1),
(32,290,NULL,1),
(29,290,NULL,1),
(23,290,NULL,1),
(24,290,NULL,1),
(30,290,NULL,1),
(33,280,NULL,1),
(36,269,NULL,1),
(29,291,NULL,1),
(24,291,NULL,1),
(26,291,NULL,1),
(36,291,NULL,1),
(30,290,NULL,1),
(33,280,NULL,1),
(36,269,NULL,1),
(24,292,NULL,1),
(25,292,NULL,1),
(26,291,NULL,1),
(36,291,NULL,1),
(30,290,NULL,1),
(33,280,NULL,1),
(36,269,NULL,1),
(26,293,NULL,1),
(33,293,NULL,1),
(31,293,NULL,1),
(23,293,NULL,1),
(30,290,NULL,1),
(33,280,NULL,1),
(36,269,NULL,1),
(24,294,NULL,1),
(33,294,NULL,1),
(33,294,NULL,1),
(36,294,NULL,1),
(34,294,NULL,1),
(33,280,NULL,1),
(36,269,NULL,1),
(29,295,NULL,1),
(32,295,NULL,1),
(27,295,NULL,1),
(36,294,NULL,1),
(34,294,NULL,1),
(33,280,NULL,1),
(36,269,NULL,1),
(29,296,NULL,1),
(32,295,NULL,1),
(27,295,NULL,1),
(36,294,NULL,1),
(34,294,NULL,1),
(33,280,NULL,1),
(36,269,NULL,1),
(23,297,NULL,1),
(32,295,NULL,1),
(27,295,NULL,1),
(36,294,NULL,1),
(34,294,NULL,1),
(33,280,NULL,1),
(36,269,NULL,1),
(24,298,NULL,1),
(27,298,NULL,1),
(27,295,NULL,1),
(36,294,NULL,1),
(34,294,NULL,1),
(33,280,NULL,1),
(36,269,NULL,1),
(29,299,NULL,1),
(35,299,NULL,1),
(24,299,NULL,1),
(31,299,NULL,1),
(34,294,NULL,1),
(33,280,NULL,1),
(36,269,NULL,1),
(24,300,NULL,1),
(32,300,NULL,1),
(24,299,NULL,1),
(31,299,NULL,1),
(34,294,NULL,1),
(33,280,NULL,1),
(36,269,NULL,1),
(27,301,NULL,1),
(32,301,NULL,1),
(25,301,NULL,1),
(31,299,NULL,1),
(34,294,NULL,1),
(33,280,NULL,1),
(36,269,NULL,1),
(26,302,NULL,1),
(35,302,NULL,1),
(30,302,NULL,1),
(31,302,NULL,1),
(26,302,NULL,1),
(33,280,NULL,1),
(36,269,NULL,1),
(30,303,NULL,1),
(36,303,NULL,1),
(30,302,NULL,1),
(31,302,NULL,1),
(26,302,NULL,1),
(33,280,NULL,1),
(36,269,NULL,1),
(23,304,NULL,1),
(24,304,NULL,1),
(27,304,NULL,1),
(32,304,NULL,1),
(26,304,NULL,1),
(26,304,NULL,1),
(36,269,NULL,1),
(30,305,NULL,1),
(25,305,NULL,1),
(29,305,NULL,1),
(23,305,NULL,1),
(24,305,NULL,1),
(26,304,NULL,1),
(36,269,NULL,1),
(24,306,NULL,1),
(36,306,NULL,1),
(25,306,NULL,1),
(23,306,NULL,1),
(24,306,NULL,1),
(27,306,NULL,1),
(36,269,NULL,1),
(36,307,NULL,1),
(30,307,NULL,1),
(32,307,NULL,1),
(23,306,NULL,1),
(24,306,NULL,1),
(27,306,NULL,1),
(36,269,NULL,1),
(34,308,NULL,1),
(25,308,NULL,1),
(27,308,NULL,1),
(32,308,NULL,1),
(27,308,NULL,1),
(27,306,NULL,1),
(36,269,NULL,1),
(34,309,NULL,1),
(27,309,NULL,1),
(29,309,NULL,1),
(36,309,NULL,1),
(27,308,NULL,1),
(27,306,NULL,1),
(36,269,NULL,1),
(24,310,NULL,1),
(31,310,NULL,1),
(29,309,NULL,1),
(36,309,NULL,1),
(27,308,NULL,1),
(27,306,NULL,1),
(36,269,NULL,1),
(31,311,NULL,1),
(29,311,NULL,1),
(29,311,NULL,1),
(27,311,NULL,1),
(29,311,NULL,1),
(23,311,NULL,1),
(33,311,NULL,1),
(23,312,NULL,1),
(23,312,NULL,1),
(32,312,NULL,1),
(26,312,NULL,1),
(31,312,NULL,1),
(34,312,NULL,1),
(33,311,NULL,1),
(36,313,NULL,1),
(34,313,NULL,1),
(27,313,NULL,1),
(26,312,NULL,1),
(31,312,NULL,1),
(34,312,NULL,1),
(33,311,NULL,1),
(33,314,NULL,1),
(34,314,NULL,1),
(34,314,NULL,1),
(24,314,NULL,1),
(32,314,NULL,1),
(36,314,NULL,1),
(33,311,NULL,1),
(36,315,NULL,1),
(29,315,NULL,1),
(23,315,NULL,1),
(24,314,NULL,1),
(32,314,NULL,1),
(36,314,NULL,1),
(33,311,NULL,1),
(28,316,NULL,1),
(24,316,NULL,1),
(33,316,NULL,1),
(36,316,NULL,1),
(32,314,NULL,1),
(36,314,NULL,1),
(33,311,NULL,1),
(24,317,NULL,1),
(29,317,NULL,1),
(34,317,NULL,1),
(36,316,NULL,1),
(32,314,NULL,1),
(36,314,NULL,1),
(33,311,NULL,1),
(28,318,NULL,1),
(27,318,NULL,1),
(29,318,NULL,1),
(24,318,NULL,1),
(34,318,NULL,1),
(36,314,NULL,1),
(33,311,NULL,1),
(27,319,NULL,1),
(31,319,NULL,1),
(29,318,NULL,1),
(24,318,NULL,1),
(34,318,NULL,1),
(36,314,NULL,1),
(33,311,NULL,1),
(30,320,NULL,1),
(23,320,NULL,1),
(25,320,NULL,1),
(25,320,NULL,1),
(34,318,NULL,1),
(36,314,NULL,1),
(33,311,NULL,1),
(26,321,NULL,1),
(24,321,NULL,1),
(25,320,NULL,1),
(25,320,NULL,1),
(34,318,NULL,1),
(36,314,NULL,1),
(33,311,NULL,1),
(23,322,NULL,1),
(31,322,NULL,1),
(28,322,NULL,1),
(24,322,NULL,1),
(34,318,NULL,1),
(36,314,NULL,1),
(33,311,NULL,1),
(34,323,NULL,1),
(34,323,NULL,1),
(30,323,NULL,1),
(33,323,NULL,1),
(34,318,NULL,1),
(36,314,NULL,1),
(33,311,NULL,1),
(32,324,NULL,1),
(28,324,NULL,1),
(30,323,NULL,1),
(33,323,NULL,1),
(34,318,NULL,1),
(36,314,NULL,1),
(33,311,NULL,1),
(31,325,NULL,1),
(33,325,NULL,1),
(30,323,NULL,1),
(33,323,NULL,1),
(34,318,NULL,1),
(36,314,NULL,1),
(33,311,NULL,1),
(35,326,NULL,1),
(28,326,NULL,1),
(34,326,NULL,1),
(33,323,NULL,1),
(34,318,NULL,1),
(36,314,NULL,1),
(33,311,NULL,1),
(33,327,NULL,1),
(33,327,NULL,1),
(34,326,NULL,1),
(33,323,NULL,1),
(34,318,NULL,1),
(36,314,NULL,1),
(33,311,NULL,1),
(32,328,NULL,1),
(33,327,NULL,1),
(34,326,NULL,1),
(33,323,NULL,1),
(34,318,NULL,1),
(36,314,NULL,1),
(33,311,NULL,1),
(28,329,NULL,1),
(31,329,NULL,1),
(35,329,NULL,1),
(29,329,NULL,1),
(34,318,NULL,1),
(36,314,NULL,1),
(33,311,NULL,1),
(28,330,NULL,1),
(34,330,NULL,1),
(34,330,NULL,1),
(24,330,NULL,1),
(27,330,NULL,1),
(36,314,NULL,1),
(33,311,NULL,1),
(26,331,NULL,1),
(23,331,NULL,1),
(35,331,NULL,1),
(30,331,NULL,1),
(27,331,NULL,1),
(36,314,NULL,1),
(33,311,NULL,1),
(25,332,NULL,1),
(33,332,NULL,1),
(27,332,NULL,1),
(34,332,NULL,1),
(30,332,NULL,1),
(36,314,NULL,1),
(33,311,NULL,1),
(29,333,NULL,1),
(34,333,NULL,1),
(33,333,NULL,1),
(34,332,NULL,1),
(30,332,NULL,1),
(36,314,NULL,1),
(33,311,NULL,1),
(24,334,NULL,1),
(32,334,NULL,1),
(36,334,NULL,1),
(24,334,NULL,1),
(30,332,NULL,1),
(36,314,NULL,1),
(33,311,NULL,1),
(30,335,NULL,1),
(32,334,NULL,1),
(36,334,NULL,1),
(24,334,NULL,1),
(30,332,NULL,1),
(36,314,NULL,1),
(33,311,NULL,1),
(36,336,NULL,1),
(33,336,NULL,1),
(32,336,NULL,1),
(32,336,NULL,1),
(30,332,NULL,1),
(36,314,NULL,1),
(33,311,NULL,1),
(29,337,NULL,1),
(33,336,NULL,1),
(32,336,NULL,1),
(32,336,NULL,1),
(30,332,NULL,1),
(36,314,NULL,1),
(33,311,NULL,1),
(24,338,NULL,1),
(31,338,NULL,1),
(35,338,NULL,1),
(29,338,NULL,1),
(30,332,NULL,1),
(36,314,NULL,1),
(33,311,NULL,1),
(31,339,NULL,1),
(26,339,NULL,1),
(35,338,NULL,1),
(29,338,NULL,1),
(30,332,NULL,1),
(36,314,NULL,1),
(33,311,NULL,1),
(28,340,NULL,1),
(32,340,NULL,1),
(23,340,NULL,1),
(35,340,NULL,1),
(30,332,NULL,1),
(36,314,NULL,1),
(33,311,NULL,1),
(32,341,NULL,1),
(32,340,NULL,1),
(23,340,NULL,1),
(35,340,NULL,1),
(30,332,NULL,1),
(36,314,NULL,1),
(33,311,NULL,1),
(24,342,NULL,1),
(33,342,NULL,1),
(32,342,NULL,1),
(35,340,NULL,1),
(30,332,NULL,1),
(36,314,NULL,1),
(33,311,NULL,1),
(36,343,NULL,1),
(31,343,NULL,1),
(24,343,NULL,1),
(31,343,NULL,1),
(30,332,NULL,1),
(36,314,NULL,1),
(33,311,NULL,1),
(23,344,NULL,1),
(25,344,NULL,1),
(23,344,NULL,1),
(36,344,NULL,1),
(30,332,NULL,1),
(36,314,NULL,1),
(33,311,NULL,1),
(29,345,NULL,1),
(36,345,NULL,1),
(31,345,NULL,1),
(36,344,NULL,1),
(30,332,NULL,1),
(36,314,NULL,1),
(33,311,NULL,1),
(26,346,NULL,1),
(28,346,NULL,1),
(32,346,NULL,1),
(26,346,NULL,1),
(30,332,NULL,1),
(36,314,NULL,1),
(33,311,NULL,1),
(30,347,NULL,1),
(30,347,NULL,1),
(26,347,NULL,1),
(26,346,NULL,1),
(30,332,NULL,1),
(36,314,NULL,1),
(33,311,NULL,1),
(33,348,NULL,1),
(33,348,NULL,1),
(26,347,NULL,1),
(26,346,NULL,1),
(30,332,NULL,1),
(36,314,NULL,1),
(33,311,NULL,1),
(23,349,NULL,1),
(27,349,NULL,1),
(26,347,NULL,1),
(26,346,NULL,1),
(30,332,NULL,1),
(36,314,NULL,1),
(33,311,NULL,1),
(32,350,NULL,1),
(36,350,NULL,1),
(34,350,NULL,1),
(29,350,NULL,1),
(30,332,NULL,1),
(36,314,NULL,1),
(33,311,NULL,1),
(34,351,NULL,1),
(33,351,NULL,1),
(23,351,NULL,1),
(35,351,NULL,1),
(35,351,NULL,1),
(30,351,NULL,1),
(33,311,NULL,1),
(28,352,NULL,1),
(24,352,NULL,1),
(36,352,NULL,1),
(36,352,NULL,1),
(31,352,NULL,1),
(30,351,NULL,1),
(33,311,NULL,1),
(31,353,NULL,1),
(36,353,NULL,1),
(28,353,NULL,1),
(33,353,NULL,1),
(31,352,NULL,1),
(30,351,NULL,1),
(33,311,NULL,1),
(25,354,NULL,1),
(28,354,NULL,1),
(34,354,NULL,1),
(27,354,NULL,1),
(31,352,NULL,1),
(30,351,NULL,1),
(33,311,NULL,1),
(26,355,NULL,1),
(25,355,NULL,1),
(30,355,NULL,1),
(28,355,NULL,1),
(31,352,NULL,1),
(30,351,NULL,1),
(33,311,NULL,1),
(36,356,NULL,1),
(35,356,NULL,1),
(24,356,NULL,1),
(30,356,NULL,1),
(24,356,NULL,1),
(30,351,NULL,1),
(33,311,NULL,1),
(25,357,NULL,1),
(35,356,NULL,1),
(24,356,NULL,1),
(30,356,NULL,1),
(24,356,NULL,1),
(30,351,NULL,1),
(33,311,NULL,1),
(25,358,NULL,1),
(27,358,NULL,1),
(28,358,NULL,1),
(30,356,NULL,1),
(24,356,NULL,1),
(30,351,NULL,1),
(33,311,NULL,1),
(30,359,NULL,1),
(27,359,NULL,1),
(28,359,NULL,1),
(32,359,NULL,1),
(23,359,NULL,1),
(30,351,NULL,1),
(33,311,NULL,1),
(36,360,NULL,1),
(35,360,NULL,1),
(28,359,NULL,1),
(32,359,NULL,1),
(23,359,NULL,1),
(30,351,NULL,1),
(33,311,NULL,1),
(33,361,NULL,1),
(35,361,NULL,1),
(36,361,NULL,1),
(28,361,NULL,1),
(27,361,NULL,1),
(25,361,NULL,1),
(33,311,NULL,1),
(26,362,NULL,1),
(35,361,NULL,1),
(36,361,NULL,1),
(28,361,NULL,1),
(27,361,NULL,1),
(25,361,NULL,1),
(33,311,NULL,1),
(29,363,NULL,1),
(35,361,NULL,1),
(36,361,NULL,1),
(28,361,NULL,1),
(27,361,NULL,1),
(25,361,NULL,1),
(33,311,NULL,1),
(24,364,NULL,1),
(33,364,NULL,1),
(30,364,NULL,1),
(28,361,NULL,1),
(27,361,NULL,1),
(25,361,NULL,1),
(33,311,NULL,1),
(31,365,NULL,1),
(30,365,NULL,1),
(31,365,NULL,1),
(28,361,NULL,1),
(27,361,NULL,1),
(25,361,NULL,1),
(33,311,NULL,1),
(35,366,NULL,1),
(23,366,NULL,1),
(24,366,NULL,1),
(32,366,NULL,1),
(27,361,NULL,1),
(25,361,NULL,1),
(33,311,NULL,1),
(30,367,NULL,1),
(27,367,NULL,1),
(31,367,NULL,1),
(29,367,NULL,1),
(27,361,NULL,1),
(25,361,NULL,1),
(33,311,NULL,1),
(35,368,NULL,1),
(24,368,NULL,1),
(25,368,NULL,1),
(32,368,NULL,1),
(27,361,NULL,1),
(25,361,NULL,1),
(33,311,NULL,1),
(26,369,NULL,1),
(35,369,NULL,1),
(25,368,NULL,1),
(32,368,NULL,1),
(27,361,NULL,1),
(25,361,NULL,1),
(33,311,NULL,1),
(23,370,NULL,1),
(30,370,NULL,1),
(25,368,NULL,1),
(32,368,NULL,1),
(27,361,NULL,1),
(25,361,NULL,1),
(33,311,NULL,1),
(24,371,NULL,1),
(36,371,NULL,1),
(29,371,NULL,1),
(26,371,NULL,1),
(23,371,NULL,1),
(25,361,NULL,1),
(33,311,NULL,1),
(31,372,NULL,1),
(29,372,NULL,1),
(36,372,NULL,1),
(26,371,NULL,1),
(23,371,NULL,1),
(25,361,NULL,1),
(33,311,NULL,1),
(29,373,NULL,1),
(24,373,NULL,1),
(36,373,NULL,1),
(26,371,NULL,1),
(23,371,NULL,1),
(25,361,NULL,1),
(33,311,NULL,1),
(27,374,NULL,1),
(24,373,NULL,1),
(36,373,NULL,1),
(26,371,NULL,1),
(23,371,NULL,1),
(25,361,NULL,1),
(33,311,NULL,1);

/*Table structure for table `nota` */

DROP TABLE IF EXISTS `nota`;

CREATE TABLE `nota` (
  `id_nota` int(11) NOT NULL AUTO_INCREMENT,
  `tanggal` date DEFAULT NULL,
  `id_user` int(11) DEFAULT NULL,
  `id_pelanggan` int(11) DEFAULT NULL,
  `no_nota` varchar(225) DEFAULT NULL,
  PRIMARY KEY (`id_nota`),
  KEY `id_user-nota` (`id_user`),
  CONSTRAINT `id_user-nota` FOREIGN KEY (`id_user`) REFERENCES `user` (`id_user`)
) ENGINE=InnoDB AUTO_INCREMENT=375 DEFAULT CHARSET=utf8mb4;

/*Data for the table `nota` */

insert  into `nota`(`id_nota`,`tanggal`,`id_user`,`id_pelanggan`,`no_nota`) values 
(25,'2020-10-13',NULL,NULL,'********'),
(26,'2020-10-14',NULL,NULL,'********'),
(27,'2020-10-15',NULL,NULL,'********'),
(28,'2020-10-16',NULL,NULL,'********'),
(29,'2020-10-16',NULL,NULL,'********'),
(30,'2020-10-17',NULL,NULL,'********'),
(31,'2020-10-18',NULL,NULL,'********'),
(32,'2020-11-04',NULL,NULL,'********'),
(33,'2020-11-05',NULL,NULL,'********'),
(34,'2020-11-06',NULL,NULL,'********'),
(35,'2020-11-07',NULL,NULL,'********'),
(36,'2020-11-07',NULL,NULL,'********'),
(37,'2020-11-07',NULL,NULL,'********'),
(38,'2020-11-08',NULL,NULL,'********'),
(39,'2020-11-10',NULL,NULL,'********'),
(40,'2020-11-11',NULL,NULL,'********'),
(41,'2020-11-12',NULL,NULL,'********'),
(42,'2020-11-13',NULL,NULL,'********'),
(45,'2020-11-14',NULL,NULL,'********'),
(46,'2020-11-15',NULL,NULL,'********'),
(47,'2020-11-17',NULL,NULL,'********'),
(48,'2020-11-17',NULL,NULL,'********'),
(49,'2020-11-20',NULL,NULL,'********'),
(50,'2020-11-21',NULL,NULL,'********'),
(51,'2020-11-22',NULL,NULL,'********'),
(52,'2020-11-24',NULL,NULL,'********'),
(53,'2020-11-25',NULL,NULL,'********'),
(54,'2020-11-26',NULL,NULL,'********'),
(55,'2020-11-27',NULL,NULL,'********'),
(56,'2020-11-28',NULL,NULL,'********'),
(57,'2020-11-29',NULL,NULL,'********'),
(58,'2020-12-01',NULL,NULL,'********'),
(59,'2020-12-02',NULL,NULL,'********'),
(60,'2020-12-03',NULL,NULL,'********'),
(61,'2020-12-04',NULL,NULL,'********'),
(62,'2020-12-05',NULL,NULL,'********'),
(63,'2020-12-05',NULL,NULL,'********'),
(64,'2020-12-05',NULL,NULL,'********'),
(65,'2020-12-06',NULL,NULL,'********'),
(66,'2020-12-08',NULL,NULL,'********'),
(67,'2020-12-09',NULL,NULL,'********'),
(68,'2020-12-10',NULL,NULL,'********'),
(69,'2020-12-11',NULL,NULL,'********'),
(70,'2020-12-12',NULL,NULL,'********'),
(71,'2020-12-13',NULL,NULL,'********'),
(72,'2020-12-15',NULL,NULL,'********'),
(73,'2020-12-16',NULL,NULL,'********'),
(74,'2020-12-17',NULL,NULL,'********'),
(75,'2020-12-18',NULL,NULL,'********'),
(76,'2020-12-19',NULL,NULL,'********'),
(77,'2020-12-20',NULL,NULL,'********'),
(78,'2020-12-22',NULL,NULL,'********'),
(79,'2020-12-23',NULL,NULL,'********'),
(80,'2020-12-26',NULL,NULL,'********'),
(81,'2020-12-27',NULL,NULL,'********'),
(82,'2020-12-29',NULL,NULL,'********'),
(83,'2020-12-29',NULL,NULL,'********'),
(84,'2020-12-29',NULL,NULL,'********'),
(85,'2020-12-29',NULL,NULL,'********'),
(86,'2020-12-29',NULL,NULL,'********'),
(87,'2020-12-30',NULL,NULL,'********'),
(88,'2020-12-31',NULL,NULL,'********'),
(89,'2021-01-01',NULL,NULL,'********'),
(90,'2021-01-02',NULL,NULL,'********'),
(91,'2021-01-03',NULL,NULL,'********'),
(92,'2021-01-05',NULL,NULL,'********'),
(93,'2021-01-06',NULL,NULL,'********'),
(94,'2021-01-07',NULL,NULL,'********'),
(95,'2021-01-08',NULL,NULL,'********'),
(96,'2021-01-09',NULL,NULL,'********'),
(97,'2021-01-10',NULL,NULL,'********'),
(98,'2021-01-12',NULL,NULL,'********'),
(99,'2021-01-13',NULL,NULL,'********'),
(100,'2021-01-14',NULL,NULL,'********'),
(101,'2021-01-15',NULL,NULL,'********'),
(102,'2021-01-16',NULL,NULL,'********'),
(103,'2021-01-17',NULL,NULL,'********'),
(104,'2021-01-19',NULL,NULL,'********'),
(105,'2021-01-20',NULL,NULL,'********'),
(106,'2021-01-21',NULL,NULL,'********'),
(107,'2021-01-22',NULL,NULL,'********'),
(108,'2021-01-23',NULL,NULL,'********'),
(109,'2021-01-24',NULL,NULL,'********'),
(110,'2021-01-26',NULL,NULL,'********'),
(111,'2021-01-27',NULL,NULL,'********'),
(112,'2021-01-28',NULL,NULL,'********'),
(113,'2021-01-29',NULL,NULL,'********'),
(114,'2021-01-30',NULL,NULL,'********'),
(115,'2021-01-31',NULL,NULL,'********'),
(116,'2021-02-02',NULL,NULL,'********'),
(117,'2021-02-03',NULL,NULL,'********'),
(118,'2021-02-04',NULL,NULL,'********'),
(119,'2021-02-05',NULL,NULL,'********'),
(120,'2021-02-06',NULL,NULL,'********'),
(121,'2021-02-07',NULL,NULL,'********'),
(122,'2021-02-09',NULL,NULL,'********'),
(123,'2021-02-10',NULL,NULL,'********'),
(124,'2021-02-11',NULL,NULL,'********'),
(125,'2021-02-12',NULL,NULL,'********'),
(126,'2021-02-13',NULL,NULL,'********'),
(127,'2021-02-14',NULL,NULL,'********'),
(128,'2021-02-16',NULL,NULL,'********'),
(129,'2021-02-17',NULL,NULL,'********'),
(130,'2021-02-18',NULL,NULL,'********'),
(131,'2021-02-19',NULL,NULL,'********'),
(132,'2021-02-20',NULL,NULL,'********'),
(133,'2021-02-21',NULL,NULL,'********'),
(134,'2021-02-23',NULL,NULL,'********'),
(135,'2021-02-24',NULL,NULL,'********'),
(136,'2021-02-25',NULL,NULL,'********'),
(137,'2021-02-26',NULL,NULL,'********'),
(138,'2021-02-27',NULL,NULL,'********'),
(139,'2021-02-28',NULL,NULL,'********'),
(140,'2021-03-02',NULL,NULL,'********'),
(141,'2021-03-03',NULL,NULL,'********'),
(142,'2021-03-04',NULL,NULL,'********'),
(143,'2021-03-05',NULL,NULL,'********'),
(144,'2021-03-06',NULL,NULL,'********'),
(145,'2021-03-07',NULL,NULL,'********'),
(146,'2021-03-09',NULL,NULL,'********'),
(147,'2021-03-10',NULL,NULL,'********'),
(148,'2021-03-11',NULL,NULL,'********'),
(149,'2021-03-12',NULL,NULL,'********'),
(150,'2021-03-13',NULL,NULL,'********'),
(151,'2021-03-14',NULL,NULL,'********'),
(152,'2021-03-16',NULL,NULL,'********'),
(153,'2021-03-17',NULL,NULL,'********'),
(154,'2021-03-18',NULL,NULL,'********'),
(155,'2021-03-19',NULL,NULL,'********'),
(156,'2021-03-20',NULL,NULL,'********'),
(157,'2021-03-21',NULL,NULL,'********'),
(158,'2021-03-23',NULL,NULL,'********'),
(159,'2021-03-24',NULL,NULL,'********'),
(160,'2021-03-25',NULL,NULL,'********'),
(161,'2021-03-26',NULL,NULL,'********'),
(162,'2021-03-27',NULL,NULL,'********'),
(163,'2021-03-28',NULL,NULL,'********'),
(164,'2021-03-30',NULL,NULL,'********'),
(165,'2021-03-31',NULL,NULL,'********'),
(166,'2021-04-01',NULL,NULL,'********'),
(167,'2021-04-02',NULL,NULL,'********'),
(168,'2021-04-03',NULL,NULL,'********'),
(169,'2021-04-04',NULL,NULL,'********'),
(170,'2021-04-06',NULL,NULL,'********'),
(171,'2021-04-07',NULL,NULL,'********'),
(172,'2021-04-08',NULL,NULL,'********'),
(173,'2021-04-09',NULL,NULL,'********'),
(174,'2021-04-10',NULL,NULL,'********'),
(175,'2021-04-11',NULL,NULL,'********'),
(176,'2021-04-13',NULL,NULL,'********'),
(177,'2021-04-14',NULL,NULL,'********'),
(178,'2021-04-15',NULL,NULL,'********'),
(179,'2021-04-16',NULL,NULL,'********'),
(180,'2021-04-17',NULL,NULL,'********'),
(181,'2021-04-18',NULL,NULL,'********'),
(182,'2021-04-20',NULL,NULL,'********'),
(183,'2021-04-21',NULL,NULL,'********'),
(184,'2021-04-22',NULL,NULL,'********'),
(185,'2021-04-23',NULL,NULL,'********'),
(186,'2021-04-24',NULL,NULL,'********'),
(187,'2021-04-25',NULL,NULL,'********'),
(188,'2021-04-27',NULL,NULL,'********'),
(189,'2021-04-28',NULL,NULL,'********'),
(190,'2021-04-29',NULL,NULL,'********'),
(191,'2021-04-30',NULL,NULL,'********'),
(192,'2021-05-01',NULL,NULL,'********'),
(193,'2021-05-02',NULL,NULL,'********'),
(194,'2021-05-04',NULL,NULL,'********'),
(195,'2021-05-05',NULL,NULL,'********'),
(196,'2021-05-06',NULL,NULL,'********'),
(197,'2021-05-07',NULL,NULL,'********'),
(198,'2021-05-08',NULL,NULL,'********'),
(199,'2021-05-09',NULL,NULL,'********'),
(200,'2021-05-11',NULL,NULL,'********'),
(201,'2021-05-12',NULL,NULL,'********'),
(202,'2021-05-13',NULL,NULL,'********'),
(203,'2021-05-14',NULL,NULL,'********'),
(204,'2021-05-15',NULL,NULL,'********'),
(205,'2021-05-16',NULL,NULL,'********'),
(206,'2021-05-18',NULL,NULL,'********'),
(207,'2021-05-19',NULL,NULL,'********'),
(208,'2021-05-20',NULL,NULL,'********'),
(209,'2021-05-21',NULL,NULL,'********'),
(210,'2021-05-22',NULL,NULL,'********'),
(211,'2021-05-23',NULL,NULL,'********'),
(212,'2021-05-25',NULL,NULL,'********'),
(213,'2021-05-26',NULL,NULL,'********'),
(214,'2021-05-27',NULL,NULL,'********'),
(215,'2021-05-28',NULL,NULL,'********'),
(216,'2021-05-29',NULL,NULL,'********'),
(217,'2021-05-30',NULL,NULL,'********'),
(218,'2021-06-01',NULL,NULL,'********'),
(219,'2021-06-02',NULL,NULL,'********'),
(220,'2021-06-03',NULL,NULL,'********'),
(221,'2021-06-04',NULL,NULL,'********'),
(222,'2021-06-05',NULL,NULL,'********'),
(223,'2021-06-06',NULL,NULL,'********'),
(224,'2021-06-08',NULL,NULL,'********'),
(225,'2021-06-09',NULL,NULL,'********'),
(226,'2021-06-10',NULL,NULL,'********'),
(227,'2021-06-11',NULL,NULL,'********'),
(228,'2021-06-12',NULL,NULL,'********'),
(229,'2021-06-13',NULL,NULL,'********'),
(230,'2021-06-15',NULL,NULL,'********'),
(231,'2021-06-16',NULL,NULL,'********'),
(232,'2021-06-17',NULL,NULL,'********'),
(233,'2021-06-18',NULL,NULL,'********'),
(234,'2021-06-19',NULL,NULL,'********'),
(235,'2021-06-20',NULL,NULL,'********'),
(236,'2021-06-22',NULL,NULL,'********'),
(237,'2021-06-23',NULL,NULL,'********'),
(238,'2021-06-24',NULL,NULL,'********'),
(239,'2021-06-25',NULL,NULL,'********'),
(240,'2021-06-26',NULL,NULL,'********'),
(241,'2021-06-27',NULL,NULL,'********'),
(242,'2021-06-29',NULL,NULL,'********'),
(243,'2021-06-30',NULL,NULL,'********'),
(244,'2021-07-01',NULL,NULL,'********'),
(245,'2021-07-02',NULL,NULL,'********'),
(246,'2021-07-03',NULL,NULL,'********'),
(247,'2021-07-04',NULL,NULL,'********'),
(248,'2021-07-06',NULL,NULL,'********'),
(249,'2021-07-07',NULL,NULL,'********'),
(250,'2021-07-08',NULL,NULL,'********'),
(251,'2021-07-09',NULL,NULL,'********'),
(252,'2021-07-10',NULL,NULL,'********'),
(253,'2021-07-11',NULL,NULL,'********'),
(254,'2021-07-13',NULL,NULL,'********'),
(255,'2021-07-14',NULL,NULL,'********'),
(256,'2021-07-15',NULL,NULL,'********'),
(257,'2021-07-16',NULL,NULL,'********'),
(258,'2021-07-17',NULL,NULL,'********'),
(259,'2021-07-18',NULL,NULL,'********'),
(260,'2021-07-20',NULL,NULL,'********'),
(261,'2021-07-21',NULL,NULL,'********'),
(262,'2021-07-22',NULL,NULL,'********'),
(263,'2021-07-23',NULL,NULL,'********'),
(264,'2021-07-24',NULL,NULL,'********'),
(265,'2021-07-25',NULL,NULL,'********'),
(266,'2021-07-27',NULL,NULL,'********'),
(267,'2021-07-28',NULL,NULL,'********'),
(268,'2021-07-29',NULL,NULL,'********'),
(269,'2021-07-30',NULL,NULL,'********'),
(270,'2021-07-31',NULL,NULL,'********'),
(271,'2021-08-01',NULL,NULL,'********'),
(272,'2021-08-03',NULL,NULL,'********'),
(273,'2021-08-04',NULL,NULL,'********'),
(274,'2021-08-05',NULL,NULL,'********'),
(275,'2021-08-06',NULL,NULL,'********'),
(276,'2021-08-07',NULL,NULL,'********'),
(277,'2021-08-08',NULL,NULL,'********'),
(278,'2021-08-10',NULL,NULL,'********'),
(279,'2021-08-11',NULL,NULL,'********'),
(280,'2021-08-12',NULL,NULL,'********'),
(281,'2021-08-13',NULL,NULL,'********'),
(282,'2021-08-14',NULL,NULL,'********'),
(283,'2021-08-15',NULL,NULL,'********'),
(284,'2021-08-17',NULL,NULL,'********'),
(285,'2021-08-18',NULL,NULL,'********'),
(286,'2021-08-19',NULL,NULL,'********'),
(287,'2021-08-20',NULL,NULL,'********'),
(288,'2021-08-21',NULL,NULL,'********'),
(289,'2021-08-22',NULL,NULL,'********'),
(290,'2021-08-24',NULL,NULL,'********'),
(291,'2021-08-25',NULL,NULL,'********'),
(292,'2021-08-26',NULL,NULL,'********'),
(293,'2021-08-27',NULL,NULL,'********'),
(294,'2021-08-28',NULL,NULL,'********'),
(295,'2021-08-29',NULL,NULL,'********'),
(296,'2021-08-31',NULL,NULL,'********'),
(297,'2021-09-01',NULL,NULL,'********'),
(298,'2021-09-02',NULL,NULL,'********'),
(299,'2021-09-03',NULL,NULL,'********'),
(300,'2021-09-04',NULL,NULL,'********'),
(301,'2021-09-05',NULL,NULL,'********'),
(302,'2021-09-07',NULL,NULL,'********'),
(303,'2021-09-08',NULL,NULL,'********'),
(304,'2021-09-09',NULL,NULL,'********'),
(305,'2021-09-10',NULL,NULL,'********'),
(306,'2021-09-11',NULL,NULL,'********'),
(307,'2021-09-12',NULL,NULL,'********'),
(308,'2021-09-14',NULL,NULL,'********'),
(309,'2021-09-15',NULL,NULL,'********'),
(310,'2021-09-16',NULL,NULL,'********'),
(311,'2021-09-17',NULL,NULL,'********'),
(312,'2021-09-18',NULL,NULL,'********'),
(313,'2021-09-19',NULL,NULL,'********'),
(314,'2021-09-21',NULL,NULL,'********'),
(315,'2021-09-22',NULL,NULL,'********'),
(316,'2021-09-23',NULL,NULL,'********'),
(317,'2021-09-24',NULL,NULL,'********'),
(318,'2021-09-25',NULL,NULL,'********'),
(319,'2021-09-26',NULL,NULL,'********'),
(320,'2021-09-28',NULL,NULL,'********'),
(321,'2021-09-29',NULL,NULL,'********'),
(322,'2021-09-30',NULL,NULL,'********'),
(323,'2021-10-01',NULL,NULL,'********'),
(324,'2021-10-02',NULL,NULL,'********'),
(325,'2021-10-03',NULL,NULL,'********'),
(326,'2021-10-05',NULL,NULL,'********'),
(327,'2021-10-06',NULL,NULL,'********'),
(328,'2021-10-07',NULL,NULL,'********'),
(329,'2021-10-08',NULL,NULL,'********'),
(330,'2021-10-09',NULL,NULL,'********'),
(331,'2021-10-10',NULL,NULL,'********'),
(332,'2021-10-12',NULL,NULL,'********'),
(333,'2021-10-13',NULL,NULL,'********'),
(334,'2021-10-14',NULL,NULL,'********'),
(335,'2021-10-15',NULL,NULL,'********'),
(336,'2021-10-16',NULL,NULL,'********'),
(337,'2021-10-17',NULL,NULL,'********'),
(338,'2021-10-19',NULL,NULL,'********'),
(339,'2021-10-20',NULL,NULL,'********'),
(340,'2021-10-21',NULL,NULL,'********'),
(341,'2021-10-22',NULL,NULL,'********'),
(342,'2021-10-23',NULL,NULL,'********'),
(343,'2021-10-24',NULL,NULL,'********'),
(344,'2021-10-26',NULL,NULL,'********'),
(345,'2021-10-27',NULL,NULL,'********'),
(346,'2021-10-28',NULL,NULL,'********'),
(347,'2021-10-29',NULL,NULL,'********'),
(348,'2021-10-30',NULL,NULL,'********'),
(349,'2021-10-31',NULL,NULL,'********'),
(350,'2021-11-02',NULL,NULL,'********'),
(351,'2021-11-03',NULL,NULL,'********'),
(352,'2021-11-04',NULL,NULL,'********'),
(353,'2021-11-05',NULL,NULL,'********'),
(354,'2021-11-06',NULL,NULL,'********'),
(355,'2021-11-07',NULL,NULL,'********'),
(356,'2021-11-09',NULL,NULL,'********'),
(357,'2021-11-10',NULL,NULL,'********'),
(358,'2021-11-11',NULL,NULL,'********'),
(359,'2021-11-12',NULL,NULL,'********'),
(360,'2021-11-13',NULL,NULL,'********'),
(361,'2021-11-14',NULL,NULL,'********'),
(362,'2021-11-16',NULL,NULL,'********'),
(363,'2021-11-17',NULL,NULL,'********'),
(364,'2021-11-18',NULL,NULL,'********'),
(365,'2021-11-19',NULL,NULL,'********'),
(366,'2021-11-20',NULL,NULL,'********'),
(367,'2021-11-21',NULL,NULL,'********'),
(368,'2021-11-23',NULL,NULL,'********'),
(369,'2021-11-24',NULL,NULL,'********'),
(370,'2021-11-25',NULL,NULL,'********'),
(371,'2021-11-26',NULL,NULL,'********'),
(372,'2021-11-27',NULL,NULL,'********'),
(373,'2021-11-28',NULL,NULL,'********'),
(374,'2021-11-30',NULL,NULL,'********');

/*Table structure for table `report` */

DROP TABLE IF EXISTS `report`;

CREATE TABLE `report` (
  `id_report` int(11) NOT NULL AUTO_INCREMENT,
  `kode_report` varchar(50) DEFAULT NULL,
  `periode` varchar(20) DEFAULT NULL,
  PRIMARY KEY (`id_report`)
) ENGINE=InnoDB AUTO_INCREMENT=49 DEFAULT CHARSET=utf8mb4;

/*Data for the table `report` */

insert  into `report`(`id_report`,`kode_report`,`periode`) values 
(44,'RPT/08/2021','08-2021'),
(45,'RPT/09/2021','09-2021'),
(46,'RPT/10/2021','10-2021'),
(47,'RPT/11/2021','11-2021'),
(48,'RPT/12/2021','12-2021');

/*Table structure for table `report_menu` */

DROP TABLE IF EXISTS `report_menu`;

CREATE TABLE `report_menu` (
  `id_report` int(11) DEFAULT NULL,
  `id_menu` int(11) DEFAULT NULL,
  `jumlah_prediksi` int(11) DEFAULT NULL,
  KEY `id_report_menu` (`id_report`),
  KEY `id_menu_report` (`id_menu`),
  CONSTRAINT `id_menu_report` FOREIGN KEY (`id_menu`) REFERENCES `menu` (`id_menu`),
  CONSTRAINT `id_report_menu` FOREIGN KEY (`id_report`) REFERENCES `report` (`id_report`)
) ENGINE=InnoDB DEFAULT CHARSET=utf8mb4;

/*Data for the table `report_menu` */

insert  into `report_menu`(`id_report`,`id_menu`,`jumlah_prediksi`) values 
(44,23,24),
(44,24,16),
(44,25,7),
(44,26,3),
(44,27,8),
(44,28,12),
(44,29,10),
(44,30,15),
(44,31,1),
(44,32,15),
(44,33,24),
(44,34,11),
(44,35,9),
(44,36,7),
(45,23,11),
(45,24,16),
(45,25,9),
(45,26,5),
(45,27,8),
(45,28,11),
(45,29,9),
(45,30,12),
(45,31,3),
(45,32,12),
(45,33,29),
(45,34,14),
(45,35,7),
(45,36,17),
(46,23,0),
(46,24,18),
(46,25,8),
(46,26,11),
(46,27,9),
(46,28,10),
(46,29,11),
(46,30,7),
(46,31,7),
(46,32,15),
(46,33,49),
(46,34,22),
(46,35,4),
(46,36,38),
(47,23,-14),
(47,24,10),
(47,25,4),
(47,26,12),
(47,27,10),
(47,28,6),
(47,29,9),
(47,30,15),
(47,31,7),
(47,32,17),
(47,33,46),
(47,34,21),
(47,35,4),
(47,36,31),
(48,23,-1),
(48,24,12),
(48,25,10),
(48,26,10),
(48,27,11),
(48,28,8),
(48,29,4),
(48,30,17),
(48,31,8),
(48,32,11),
(48,33,33),
(48,34,14),
(48,35,5),
(48,36,26);

/*Table structure for table `resep` */

DROP TABLE IF EXISTS `resep`;

CREATE TABLE `resep` (
  `id_resep` int(11) NOT NULL AUTO_INCREMENT,
  `id_bahan` int(11) DEFAULT NULL,
  `id_menu` int(11) DEFAULT NULL,
  `takaran` int(11) DEFAULT NULL,
  PRIMARY KEY (`id_resep`),
  KEY `id_menu_resep` (`id_menu`),
  KEY `id_bahan_resep` (`id_bahan`),
  CONSTRAINT `id_bahan_resep` FOREIGN KEY (`id_bahan`) REFERENCES `bahan` (`id_bahan`),
  CONSTRAINT `id_menu_resep` FOREIGN KEY (`id_menu`) REFERENCES `menu` (`id_menu`)
) ENGINE=InnoDB AUTO_INCREMENT=67 DEFAULT CHARSET=utf8mb4;

/*Data for the table `resep` */

insert  into `resep`(`id_resep`,`id_bahan`,`id_menu`,`takaran`) values 
(30,25,23,18),
(31,25,24,18),
(32,25,25,12),
(33,26,25,45),
(34,25,26,15),
(35,27,26,150),
(36,25,27,15),
(37,25,28,12),
(38,27,28,300),
(39,28,28,45),
(40,29,28,8),
(41,25,29,12),
(42,27,29,100),
(43,30,29,30),
(44,31,29,14),
(45,25,30,12),
(46,27,30,200),
(47,31,30,14),
(48,32,30,30),
(49,33,30,4),
(50,25,31,12),
(51,27,31,100),
(52,34,31,50),
(53,26,32,45),
(54,27,32,200),
(55,35,32,15),
(56,36,32,4),
(57,27,33,200),
(58,32,33,30),
(59,37,33,14),
(60,37,34,28),
(61,27,35,200),
(62,36,35,4),
(63,37,35,0),
(64,27,36,200),
(65,38,36,30),
(66,39,36,15);

/*Table structure for table `stok` */

DROP TABLE IF EXISTS `stok`;

CREATE TABLE `stok` (
  `id_stok` int(11) NOT NULL AUTO_INCREMENT,
  `jumlah` int(11) DEFAULT NULL,
  `tanggal` date DEFAULT NULL,
  `tanggal_kadaluarsa` date DEFAULT NULL,
  `id_bahan` int(11) DEFAULT NULL,
  `id_user` int(11) DEFAULT NULL,
  PRIMARY KEY (`id_stok`),
  KEY `id_bahan_stok` (`id_bahan`),
  KEY `id_user_stok` (`id_user`),
  CONSTRAINT `id_bahan_stok` FOREIGN KEY (`id_bahan`) REFERENCES `bahan` (`id_bahan`),
  CONSTRAINT `id_user_stok` FOREIGN KEY (`id_user`) REFERENCES `user` (`id_user`)
) ENGINE=InnoDB DEFAULT CHARSET=utf8mb4;

/*Data for the table `stok` */

/*Table structure for table `user` */

DROP TABLE IF EXISTS `user`;

CREATE TABLE `user` (
  `id_user` int(11) NOT NULL AUTO_INCREMENT,
  `nama` varchar(50) DEFAULT NULL,
  `username` varchar(255) DEFAULT NULL,
  `password` varchar(255) DEFAULT NULL,
  PRIMARY KEY (`id_user`)
) ENGINE=InnoDB AUTO_INCREMENT=4 DEFAULT CHARSET=utf8mb4;

/*Data for the table `user` */

insert  into `user`(`id_user`,`nama`,`username`,`password`) values 
(1,'Admin','21232f297a57a5a743894a0e4a801fc3','21232f297a57a5a743894a0e4a801fc3'),
(2,'Admin','21232f297a57a5a743894a0e4a801fc3','21232f297a57a5a743894a0e4a801fc3'),
(3,'Admin','c7911af3adbd12a035b289556d96470a','c7911af3adbd12a035b289556d96470a');

/*!40101 SET SQL_MODE=@OLD_SQL_MODE */;
/*!40014 SET FOREIGN_KEY_CHECKS=@OLD_FOREIGN_KEY_CHECKS */;
/*!40014 SET UNIQUE_CHECKS=@OLD_UNIQUE_CHECKS */;
/*!40111 SET SQL_NOTES=@OLD_SQL_NOTES */;
